<?xml version="1.0" encoding="utf-8"?>
<typeSystemDescription xmlns="http://uima.apache.org/resourceSpecifier">
  <name>full_names-ts</name>
  <description></description>
  <version></version>
  <vendor></vendor>
  <types>
    <typeDescription>
      <name>com.ibm.lw.marker.Markerfull_namesOutputType</name>
      <description>Marker Type, used to separate outputs of a rule DB from it inputs, in the UIMA priority list</description>
      <supertypeName>uima.cas.TOP</supertypeName>
    </typeDescription>
    <typeDescription>
      <name>com.northrup_grumman.all_names</name>
      <description></description>
      <supertypeName>uima.tcas.Annotation</supertypeName>
      <features>
        <featureDescription>
          <name>ruleId</name>
          <description></description>
          <rangeTypeName>uima.cas.String</rangeTypeName>
        </featureDescription>
        </features>
    </typeDescription>
    <typeDescription>
      <name>com.northrup_grumman.and_name</name>
      <description></description>
      <supertypeName>uima.tcas.Annotation</supertypeName>
      <features>
        <featureDescription>
          <name>ruleId</name>
          <description></description>
          <rangeTypeName>uima.cas.String</rangeTypeName>
        </featureDescription>
        </features>
    </typeDescription>
    <typeDescription>
      <name>com.northrup_grumman.kirstan_conley</name>
      <description></description>
      <supertypeName>uima.tcas.Annotation</supertypeName>
      <features>
        <featureDescription>
          <name>ruleId</name>
          <description></description>
          <rangeTypeName>uima.cas.String</rangeTypeName>
        </featureDescription>
        </features>
    </typeDescription>
    <typeDescription>
      <name>com.northrup_grumman.name_comma</name>
      <description></description>
      <supertypeName>uima.tcas.Annotation</supertypeName>
      <features>
        <featureDescription>
          <name>ruleId</name>
          <description></description>
          <rangeTypeName>uima.cas.String</rangeTypeName>
        </featureDescription>
        </features>
    </typeDescription>
    <typeDescription>
      <name>com.northrup_grumman.proper_noun_comma</name>
      <description></description>
      <supertypeName>uima.tcas.Annotation</supertypeName>
      <features>
        <featureDescription>
          <name>ruleId</name>
          <description></description>
          <rangeTypeName>uima.cas.String</rangeTypeName>
        </featureDescription>
        </features>
    </typeDescription>
    <typeDescription>
      <name>com.northrup_grumman.two_proper</name>
      <description></description>
      <supertypeName>uima.tcas.Annotation</supertypeName>
      <features>
        <featureDescription>
          <name>ruleId</name>
          <description></description>
          <rangeTypeName>uima.cas.String</rangeTypeName>
        </featureDescription>
        </features>
    </typeDescription>
    <typeDescription>
      <name>com.northrup_grumman.two_proper_comma</name>
      <description></description>
      <supertypeName>uima.tcas.Annotation</supertypeName>
      <features>
        <featureDescription>
          <name>ruleId</name>
          <description></description>
          <rangeTypeName>uima.cas.String</rangeTypeName>
        </featureDescription>
        </features>
    </typeDescription>
    <typeDescription>
      <name>com.northrup_grumman.two_upper</name>
      <description></description>
      <supertypeName>uima.tcas.Annotation</supertypeName>
      <features>
        <featureDescription>
          <name>ruleId</name>
          <description></description>
          <rangeTypeName>uima.cas.String</rangeTypeName>
        </featureDescription>
        </features>
    </typeDescription>
    </types>
</typeSystemDescription>
