<?xml version="1.0" encoding="utf-8"?>
<typeSystemDescription xmlns="http://uima.apache.org/resourceSpecifier">
  <name>locations-ts</name>
  <description></description>
  <version></version>
  <vendor></vendor>
  <types>
    <typeDescription>
      <name>com.northrup_grumman.Street_suffixes</name>
      <description>Required by rule</description>
      <supertypeName>uima.tt.DictionaryEntryAnnotation</supertypeName>
    </typeDescription>
    <typeDescription>
      <name>uima.tt.TokenAnnotation</name>
      <description>Required by rule</description>
      <supertypeName>uima.tt.TokenLikeAnnotation</supertypeName>
    </typeDescription>
    </types>
</typeSystemDescription>
