"COL1","COL2"
"Administration Hill	1101","N"
"Asylum Rd	1101","N"
"Crowninshield St	1101","N"
"Depeyster St -the College Of Mount Saint Vincent	1101","N"
"Emmet St	1101","N"
"Erben Ave	1101","N"
"Hanus St	1101","N"
"Mcgowan St	1101","N"
"Patterson St	1101","N"
"Reeder St	1101","N"
"Shepard Ave	1101","N"
"Wadhams St	1101","N"
"10th Ave S	1101","N"
"11th Ave	1101","N"
"12th Ave	1101","N"
"13th Ave	1101","N"
"1st Ave	1101","N"
"1st St	1101","N"
"226th Dr S	1101","N"
"229th Dr N	1101","N"
"229th St Dr S	1101","N"
"2nd Ave	1101","N"
"2nd St	1101","N"
"3rd Ave	1101","N"
"3rd St	1101","N"
"4th Ave	1101","N"
"5th Ave	1101","N"
"6th Ave	1101","N"
"7th Ave	1101","N"
"9th Ave	1101","N"
"A St	1101","N"
"Abbot St	1101","N"
"Acorn Pl	1101","N"
"Adams Pl	1101","N"
"Adams St	1101","N"
"Adee Ave	1101","N"
"Adee Dr	1101","N"
"Adler Pl	1101","N"
"Admiral Ct	1101","N"
"Admiral Ln	1101","N"
"Agar Pl	1101","N"
"Agawam N	1101","N"
"Alan Pl	1101","N"
"Albany Crescent	1101","N"
"Alcott Pl	1101","N"
"Alden Park	1101","N"
"Alden Pl	1101","N"
"Alderbrook Rd	1101","N"
"Aldrich St	1101","N"
"Aldus St	1101","N"
"Alexander Ave	1101","N"
"Allen Pl	1101","N"
"Allerton Ave	1101","N"
"Amberson Ave	1101","N"
"Amethyst St	1101","N"
"Ampere Ave	1101","N"
"Amundson Ave	1101","N"
"Anderson Ave	1101","N"
"Andrews Ave N	1101","N"
"Andrews Ave S	1101","N"
"Anthony Ave	1101","N"
"Anthony J Griffin Pl	1101","N"
"Antin Pl	1101","N"
"Aqueduct Ave	1101","N"
"Aqueduct Ave E	1101","N"
"Aqueduct Ave W	1101","N"
"Archer Rd	1101","N"
"Archer St	1101","N"
"Arlington Ave	1101","N"
"Armand Pl	1101","N"
"Arnow Ave	1101","N"
"Arnow Pl	1101","N"
"Arthur Ave	1101","N"
"Asch Loop	1101","N"
"Aster Pl	1101","N"
"Astor Ave	1101","N"
"Austin Pl	1101","N"
"Avenue A	1101","N"
"Avenue B	1101","N"
"Avenue C	1101","N"
"Avenue D	1101","N"
"Avenue E	1101","N"
"Avenue F	1101","N"
"Avenue St John	1101","N"
"B Ave	1101","N"
"B St	1101","N"
"Bailey Ave	1101","N"
"Bailey Pl	1101","N"
"Bainbridge Ave	1101","N"
"Baisley Ave	1101","N"
"Baker Ave	1101","N"
"Balcom Ave	1101","N"
"Baldwin St	1101","N"
"Balsam Pl	1101","N"
"Banes Ct	1101","N"
"Bantam Pl	1101","N"
"Banyer Pl	1101","N"
"Barker Ave	1101","N"
"Barkley Ave	1101","N"
"Barnes Ave	1101","N"
"Barnett Pl	1101","N"
"Barrett Ave	1101","N"
"Barretto St	1101","N"
"Barry St	1101","N"
"Bartholdi St	1101","N"
"Bartow Ave	1101","N"
"Bassett Ave	1101","N"
"Bassford Ave	1101","N"
"Bathgate Ave	1101","N"
"Bay Shore Ave	1101","N"
"Bay St	1101","N"
"Baychester Ave	1101","N"
"Bayview Ave	1101","N"
"Beach Ave	1101","N"
"Beach St	1101","N"
"Beacon Cir	1101","N"
"Beacon Ln	1101","N"
"Beaumont Ave	1101","N"
"Beck St	1101","N"
"Bedford Park Blvd	1101","N"
"Bedford Park Blvd W	1101","N"
"Beech Pl	1101","N"
"Beech Terrace	1101","N"
"Beech Tree Ln	1101","N"
"Beekman Ave	1101","N"
"Belden St	1101","N"
"Bell Ave	1101","N"
"Bellamy Loop	1101","N"
"Belmont Ave	1101","N"
"Belmont St	1101","N"
"Benchley Pl	1101","N"
"Benedict Ave	1101","N"
"Benson St	1101","N"
"Bergen Ave	1101","N"
"Berkeley Ave	1101","N"
"Berkwit Terrace	1101","N"
"Betts Ave	1101","N"
"Bevy Pl	1101","N"
"Billingsley Terrace	1101","N"
"Bingham Rd	1101","N"
"Birchall Ave	1101","N"
"Bissel Ave	1101","N"
"Bivona St	1101","N"
"Blackrock Ave	1101","N"
"Blackstone Ave	1101","N"
"Blackstone Pl	1101","N"
"Blair Ave	1101","N"
"Blondell Ave	1101","N"
"Bogart Ave	1101","N"
"Boller Ave	1101","N"
"Bolton Ave	1101","N"
"Bolton St	1101","N"
"Bonner Pl	1101","N"
"Boone Ave	1101","N"
"Boscobel Pl	1101","N"
"Boston Post Rd	1101","N"
"Boston Rd	1101","N"
"Botanical Square	1101","N"
"Botanical Square N	1101","N"
"Botanical Square S	1101","N"
"Bouck Ave	1101","N"
"Bowne St	1101","N"
"Boyd Ave	1101","N"
"Boynton Ave	1101","N"
"Bradford Ave	1101","N"
"Bradley St	1101","N"
"Bradley Terrace	1101","N"
"Brady Ave	1101","N"
"Brandt Pl	1101","N"
"Bridge St	1101","N"
"Briggs Ave	1101","N"
"Brinsmade Ave	1101","N"
"Bristow St	1101","N"
"Britton St	1101","N"
"Broadway	1101","N"
"Bronx Blvd	1101","N"
"Bronx Park E	1101","N"
"Bronx Park Rd	1101","N"
"Bronx Park S	1101","N"
"Bronx River Ave	1101","N"
"Bronx River Parkway	1101","N"
"Bronx River Pkwy	1101","N"
"Bronx St	1101","N"
"Bronxdale Ave	1101","N"
"Bronxwood Ave	1101","N"
"Brook Ave	1101","N"
"Broun Pl	1101","N"
"Brown Ln	1101","N"
"Brown Pl	1101","N"
"Browns Ln	1101","N"
"Bruce Ave	1101","N"
"Bruckner Blvd	1101","N"
"Bruckner Expy	1101","N"
"Bruner Ave	1101","N"
"Brush Ave	1101","N"
"Bryant Ave	1101","N"
"Buchanan Pl	1101","N"
"Buck St	1101","N"
"Buckley St	1101","N"
"Buhre Ave	1101","N"
"Bullard Ave	1101","N"
"Burke Ave	1101","N"
"Burnet Pl	1101","N"
"Burr Ave	1101","N"
"Bush St	1101","N"
"Bushnell Pl	1101","N"
"Bussing Ave	1101","N"
"Bussing Pl	1101","N"
"Butler Pl	1101","N"
"Butterick Ave	1101","N"
"Buttrick Ave	1101","N"
"Byron Ave	1101","N"
"C Ave	1101","N"
"C St	1101","N"
"Caesar Pl	1101","N"
"Calhoun Ave	1101","N"
"Cambreleng Ave	1101","N"
"Cambridge Ave	1101","N"
"Cameron Pl	1101","N"
"Camp St	1101","N"
"Campbell Dr	1101","N"
"Canal Pl	1101","N"
"Canal St W	1101","N"
"Cannon Pl	1101","N"
"Capuchin Way	1101","N"
"Cardinal Spellman Pl	1101","N"
"Carlisle Pl	1101","N"
"Carpenter Ave	1101","N"
"Carroll Pl	1101","N"
"Carroll St	1101","N"
"Carter Ave	1101","N"
"Carver Loop	1101","N"
"Caryl Ave	1101","N"
"Casals Pl	1101","N"
"Casanova St	1101","N"
"Casler Pl	1101","N"
"Castle Hill Ave	1101","N"
"Catalpa Pl	1101","N"
"Cauldwell Ave	1101","N"
"Cayuga Ave	1101","N"
"Cedar Ave	1101","N"
"Cedar Ln	1101","N"
"Cedar Pl	1101","N"
"Central Park Ave	1101","N"
"Centre St	1101","N"
"Chaffee Ave	1101","N"
"Charlotte St	1101","N"
"Chatterton Ave	1101","N"
"Chesbrough Ave	1101","N"
"Chester St	1101","N"
"Chestnut St	1101","N"
"Chisholm St	1101","N"
"Choctaw Pl	1101","N"
"Cicero Ave	1101","N"
"Cincinnatus Ave	1101","N"
"City Island Ave	1101","N"
"City Island Rd	1101","N"
"Claflin Ave	1101","N"
"Clarence Ave	1101","N"
"Clarke Pl W	1101","N"
"Clason Point Ln	1101","N"
"Clay Ave	1101","N"
"Clementine St	1101","N"
"Clifford Pl	1101","N"
"Clifford Pl E	1101","N"
"Clifton Ave	1101","N"
"Clinton Ave	1101","N"
"Clinton Pl	1101","N"
"Close Ave	1101","N"
"Co-op City Blvd	1101","N"
"Coddington Ave	1101","N"
"Colden Ave	1101","N"
"Coles Ln	1101","N"
"Colgate Ave	1101","N"
"College Ave	1101","N"
"College Rd	1101","N"
"Collis Pl	1101","N"
"Colonial Ave	1101","N"
"Commerce Ave	1101","N"
"Commonwealth Ave	1101","N"
"Compton Ave	1101","N"
"Concord Ave	1101","N"
"Concourse Village E	1101","N"
"Concourse Village W	1101","N"
"Connell Pl	1101","N"
"Conner St	1101","N"
"Continental Ave	1101","N"
"Coogans Pl	1101","N"
"Cooper Ave	1101","N"
"Cooper Pl	1101","N"
"Corlear Ave	1101","N"
"Cornell Ave	1101","N"
"Cornell Pl	1101","N"
"Corsa Ave	1101","N"
"Cortlandt St	1101","N"
"Coster St	1101","N"
"Cottage Pl	1101","N"
"Country Club Rd	1101","N"
"Courter Ave	1101","N"
"Courtlandt Ave	1101","N"
"Cox Ave	1101","N"
"Cranford Ave	1101","N"
"Craven St	1101","N"
"Crawford Ave	1101","N"
"Crescent Ave	1101","N"
"Creston Ave	1101","N"
"Crimmins Ave	1101","N"
"Croes Ave	1101","N"
"Croes Pl	1101","N"
"Cromwell Ave	1101","N"
"Crosby Ave	1101","N"
"Cross Bronx Expressway Service Rd	1101","N"
"Cross Bronx Expy	1101","N"
"Cross Bronx Service Rd N	1101","N"
"Cross Bx Service Road Exd	1101","N"
"Cross St	1101","N"
"Crotona Ave	1101","N"
"Crotona Park E	1101","N"
"Crotona Park N	1101","N"
"Crotona Park S	1101","N"
"Crotona Pkwy	1101","N"
"Crotona Pl	1101","N"
"Cruger Ave	1101","N"
"Curtiss Ave	1101","N"
"Cypress Ave	1101","N"
"Cyrus Pl	1101","N"
"D Ave	1101","N"
"D St	1101","N"
"Daisy Pl	1101","N"
"Daly Ave	1101","N"
"Daniel St	1101","N"
"Dare Pl	1101","N"
"Dark St	1101","N"
"Darrow Pl	1101","N"
"Dash Pl	1101","N"
"David Sheridan Plaza	1101","N"
"Davidson Ave	1101","N"
"Davis Ave	1101","N"
"Davit Ct	1101","N"
"Dawson St	1101","N"
"De Kruif Pl	1101","N"
"De Reimer Ave	1101","N"
"De Witt Pl	1101","N"
"Dean Ave	1101","N"
"Debs Pl	1101","N"
"Decatur Ave	1101","N"
"Deepwater Way	1101","N"
"Defoe Pl	1101","N"
"Dekalb Ave	1101","N"
"Delafield Ave	1101","N"
"Delafield Pl	1101","N"
"Delancey Pl	1101","N"
"Delano Ave	1101","N"
"Delanoy Ave	1101","N"
"Delavall Ave	1101","N"
"Demeyer St	1101","N"
"Depot Pl	1101","N"
"Depot Pl Appr	1101","N"
"Devanney Square	1101","N"
"Devoe Ave	1101","N"
"Devoe Terrace	1101","N"
"Dewey Ave	1101","N"
"Dewitt Pl	1101","N"
"Deyo St	1101","N"
"Dickinson Ave	1101","N"
"Digney Ave	1101","N"
"Dill Pl	1101","N"
"Ditmars St	1101","N"
"Dock St	1101","N"
"Dodgewood Rd	1101","N"
"Dogwood Dr	1101","N"
"Donizetti Pl	1101","N"
"Donofrio Square	1101","N"
"Doris St	1101","N"
"Dorothea Pl	1101","N"
"Dorsey St	1101","N"
"Douglas Ave	1101","N"
"Dr Martin Luther King Jr Blvd	1101","N"
"Dr Theodore Kazimiroff Blvd	1101","N"
"Drainage St	1101","N"
"Drake Park S	1101","N"
"Drake St	1101","N"
"Dreiser Loop	1101","N"
"Dudley Ave	1101","N"
"Duncan St	1101","N"
"Duncomb Ave	1101","N"
"Dune Ct	1101","N"
"Dupont St	1101","N"
"Duryea Ave	1101","N"
"Dwight Pl	1101","N"
"Dyre Ave	1101","N"
"E 132nd St	1101","N"
"E 133rd St	1101","N"
"E 134th St	1101","N"
"E 135th St	1101","N"
"E 136th St	1101","N"
"E 137th St	1101","N"
"E 139th St	1101","N"
"E 140th St	1101","N"
"E 141st St	1101","N"
"E 142nd St	1101","N"
"E 143rd St	1101","N"
"E 144th St	1101","N"
"E 145th St	1101","N"
"E 146th St	1101","N"
"E 147th St	1101","N"
"E 148th St	1101","N"
"E 149th St	1101","N"
"E 150th St	1101","N"
"E 151st St	1101","N"
"E 152nd St	1101","N"
"E 153rd St	1101","N"
"E 154th St	1101","N"
"E 155th St	1101","N"
"E 156th St	1101","N"
"E 157th St	1101","N"
"E 158th St	1101","N"
"E 159th St	1101","N"
"E 160th St	1101","N"
"E 161st St	1101","N"
"E 162nd St	1101","N"
"E 163rd St	1101","N"
"E 164th St	1101","N"
"E 165th St	1101","N"
"E 166th St	1101","N"
"E 167th St	1101","N"
"E 168th St	1101","N"
"E 169th St	1101","N"
"E 170th St	1101","N"
"E 171st St	1101","N"
"E 172nd St	1101","N"
"E 173rd St	1101","N"
"E 174th St	1101","N"
"E 175th St	1101","N"
"E 176th St	1101","N"
"E 177th St	1101","N"
"E 178th St	1101","N"
"E 179th St	1101","N"
"E 180th St	1101","N"
"E 181st St	1101","N"
"E 182nd St	1101","N"
"E 183rd St	1101","N"
"E 184th St	1101","N"
"E 185th St	1101","N"
"E 186th St	1101","N"
"E 187th St	1101","N"
"E 188th St	1101","N"
"E 189th St	1101","N"
"E 190th St	1101","N"
"E 191st St	1101","N"
"E 192nd St	1101","N"
"E 193rd St	1101","N"
"E 194th St	1101","N"
"E 195th St	1101","N"
"E 196th St	1101","N"
"E 197th St	1101","N"
"E 198th St	1101","N"
"E 199th St	1101","N"
"E 201st St	1101","N"
"E 202nd St	1101","N"
"E 203rd St	1101","N"
"E 204th St	1101","N"
"E 205th St	1101","N"
"E 206th St	1101","N"
"E 207th St	1101","N"
"E 208th St	1101","N"
"E 209th St	1101","N"
"E 210th St	1101","N"
"E 211th St	1101","N"
"E 212th St	1101","N"
"E 213th St	1101","N"
"E 214th St	1101","N"
"E 215th St	1101","N"
"E 216th St	1101","N"
"E 217th St	1101","N"
"E 218th St	1101","N"
"E 219th St	1101","N"
"E 220th St	1101","N"
"E 221st St	1101","N"
"E 222nd St	1101","N"
"E 223rd St	1101","N"
"E 224th St	1101","N"
"E 225th St	1101","N"
"E 226th St	1101","N"
"E 227th St	1101","N"
"E 228th St	1101","N"
"E 229th Dr N	1101","N"
"E 229th Dr S	1101","N"
"E 229th St	1101","N"
"E 230th St	1101","N"
"E 231st St	1101","N"
"E 232nd St	1101","N"
"E 233rd St	1101","N"
"E 234th St	1101","N"
"E 235th St	1101","N"
"E 236th St	1101","N"
"E 237th St	1101","N"
"E 238th St	1101","N"
"E 239th St	1101","N"
"E 240th St	1101","N"
"E 241st St	1101","N"
"E 242nd St	1101","N"
"E 243rd St	1101","N"
"E Bay Ave	1101","N"
"E Burnside Ave	1101","N"
"E Clarke Pl	1101","N"
"E Clifford Pl	1101","N"
"E Fordham Rd	1101","N"
"E Gun Hill Rd	1101","N"
"E Kingsbridge Rd	1101","N"
"E Mosholu Pkwy N	1101","N"
"E Mosholu Pkwy S	1101","N"
"E Tremont Ave	1101","N"
"Eagle Ave	1101","N"
"Eames Pl	1101","N"
"Earhart Ln	1101","N"
"Earley St	1101","N"
"East Ave	1101","N"
"Eastburn Ave	1101","N"
"Eastchester Pl	1101","N"
"Eastchester Rd	1101","N"
"Echo Pl	1101","N"
"Eden Terrace	1101","N"
"Edenwald Ave	1101","N"
"Edge St	1101","N"
"Edgehill Ave	1101","N"
"Edgemere St	1101","N"
"Edgewater Rd	1101","N"
"Edison Ave	1101","N"
"Edsall Ave	1101","N"
"Edson Ave	1101","N"
"Edward L Grant Hwy	1101","N"
"Edwards Ave	1101","N"
"Effingham Ave	1101","N"
"Eger Pl	1101","N"
"Einstein Loop	1101","N"
"Einstein Loop E	1101","N"
"Einstein Loop N	1101","N"
"Einstein Loop S	1101","N"
"Elder Ave	1101","N"
"Elgar Pl	1101","N"
"Elinor Pl	1101","N"
"Elliot Pl	1101","N"
"Ellis Ave	1101","N"
"Ellis Pl	1101","N"
"Ellison Ave	1101","N"
"Ellsworth Ave	1101","N"
"Elm Dr	1101","N"
"Elm Pl	1101","N"
"Elm Tree Ln	1101","N"
"Elsmere Pl	1101","N"
"Elton Ave	1101","N"
"Ely Ave	1101","N"
"Emerson Ave	1101","N"
"Erdman Pl	1101","N"
"Ericson Pl	1101","N"
"Erskine Ave	1101","N"
"Erskine Pl	1101","N"
"Esplanade	1101","N"
"Esplanade Ave	1101","N"
"Euclid Ave	1101","N"
"Evelyn Pl	1101","N"
"Evergreen Ave	1101","N"
"Exterior St	1101","N"
"Faile St	1101","N"
"Fairfax Ave	1101","N"
"Fairfield Ave	1101","N"
"Fairmont Pl	1101","N"
"Fairmount Ave	1101","N"
"Fairmount Pl	1101","N"
"Fanshaw Ave	1101","N"
"Faraday Ave	1101","N"
"Farragut St	1101","N"
"Father Zeiser Pl	1101","N"
"Fearn Pl	1101","N"
"Featherbed Ln	1101","N"
"Fenton Ave	1101","N"
"Fenway N	1101","N"
"Fenway S	1101","N"
"Fern Pl	1101","N"
"Ferris Pl	1101","N"
"Field Pl	1101","N"
"Fielding St	1101","N"
"Fieldston Rd	1101","N"
"Fieldston Terrace	1101","N"
"Fillmore St	1101","N"
"Findlay Ave	1101","N"
"Fink Ave	1101","N"
"Fish Ave	1101","N"
"Fleet Ct	1101","N"
"Fletcher Pl	1101","N"
"Flint Ave	1101","N"
"Folin St	1101","N"
"Food Center Dr	1101","N"
"Food Center Rd	1101","N"
"Food Dr	1101","N"
"Foote Ave	1101","N"
"Ford St	1101","N"
"Fordham Pl	1101","N"
"Fordham St	1101","N"
"Forest Ave	1101","N"
"Forest Rd	1101","N"
"Forster Pl	1101","N"
"Fort Independence St	1101","N"
"Fowler Ave	1101","N"
"Fox St	1101","N"
"Fox Terrace	1101","N"
"Franklin Ave	1101","N"
"Freeman St	1101","N"
"Frisby Ave	1101","N"
"Fteley Ave	1101","N"
"Fuller St	1101","N"
"Fulton Ave	1101","N"
"Furman Ave	1101","N"
"G St	1101","N"
"Gabriel Dr	1101","N"
"Gale Pl	1101","N"
"Garden Pl	1101","N"
"Garden St	1101","N"
"Garfield St	1101","N"
"Garrett Pl	1101","N"
"Garrison Ave	1101","N"
"Gates Pl	1101","N"
"George Pl	1101","N"
"George St	1101","N"
"Geranium Pl	1101","N"
"Gerard Ave	1101","N"
"Gerber Pl	1101","N"
"Gertland Pl	1101","N"
"Giegerich Pl	1101","N"
"Gifford Ave	1101","N"
"Gilbert Pl	1101","N"
"Gildersleeve Ave	1101","N"
"Giles Pl	1101","N"
"Gillespie Ave	1101","N"
"Givan Ave	1101","N"
"Gleason Ave	1101","N"
"Glebe Ave	1101","N"
"Glennon Pl	1101","N"
"Glover Ave	1101","N"
"Glover St	1101","N"
"Goble Pl	1101","N"
"Godwin Terrace	1101","N"
"Good Pl	1101","N"
"Goodridge Ave	1101","N"
"Goulden Ave	1101","N"
"Gouverneur Ave	1101","N"
"Gouverneur Pl	1101","N"
"Grace Ave	1101","N"
"Graff Ave	1101","N"
"Grand Ave	1101","N"
"Grand Concourse	1101","N"
"Grandview Pl	1101","N"
"Grant Ave	1101","N"
"Greene Pl	1101","N"
"Grenada Pl	1101","N"
"Greystone Ave	1101","N"
"Grinnell Pl	1101","N"
"Griswold Ave	1101","N"
"Grosvenor Ave	1101","N"
"Grote St	1101","N"
"Guerlain St	1101","N"
"Guion Pl	1101","N"
"Gunther Ave	1101","N"
"Hadley Ave	1101","N"
"Haight Ave	1101","N"
"Hall Of Fame Terrace	1101","N"
"Hall Pl	1101","N"
"Halleck St	1101","N"
"Halperin Ave	1101","N"
"Halsey St	1101","N"
"Hamilton Pl	1101","N"
"Hammersley Ave	1101","N"
"Hampden Pl	1101","N"
"Hancock Ave	1101","N"
"Harding Ave	1101","N"
"Harding Camp	1101","N"
"Harding Park	1101","N"
"Harding Park Camp	1101","N"
"Harlem River Park Bridge	1101","N"
"Harper Ave	1101","N"
"Harper Ct	1101","N"
"Harrington Ave	1101","N"
"Harrison Ave	1101","N"
"Harrod Ave	1101","N"
"Harrod Pl	1101","N"
"Hart St	1101","N"
"Haskin St	1101","N"
"Hatting Pl	1101","N"
"Havemeyer Ave	1101","N"
"Haviland Ave	1101","N"
"Hawkins St	1101","N"
"Hawkstone St	1101","N"
"Hawthorne Ave	1101","N"
"Hawthorne Dr	1101","N"
"Hawthorne St	1101","N"
"Hazel Pl	1101","N"
"Hazen St	1101","N"
"Heath Ave	1101","N"
"Heathcote Ave	1101","N"
"Hegney Pl	1101","N"
"Hennessy Pl	1101","N"
"Henry Hudson Pkwy	1101","N"
"Henry Hudson Pkwy E	1101","N"
"Henry Hudson Pkwy W	1101","N"
"Henwood Pl	1101","N"
"Hering Ave	1101","N"
"Herkimer Pl	1101","N"
"Hermany Ave	1101","N"
"Herschell St	1101","N"
"Hewitt Pl	1101","N"
"Hicks St	1101","N"
"Hill Ave	1101","N"
"Hillman Ave	1101","N"
"Hobart Ave	1101","N"
"Hoe Ave	1101","N"
"Hoffman St	1101","N"
"Holland Ave	1101","N"
"Hollers Ave	1101","N"
"Holly Pl	1101","N"
"Hollywood Ave	1101","N"
"Holt Pl	1101","N"
"Home St	1101","N"
"Homer Ave	1101","N"
"Hone Ave	1101","N"
"Honeywell Ave	1101","N"
"Hornaday Pl	1101","N"
"Horton St	1101","N"
"Hosmer Ave	1101","N"
"Houghton Ave	1101","N"
"Howe Ave	1101","N"
"Hoxie St	1101","N"
"Hubbell St	1101","N"
"Hudson Manor Terrace	1101","N"
"Hugh J Grant Cir	1101","N"
"Hughes Ave	1101","N"
"Huguenot Ave	1101","N"
"Hull Ave	1101","N"
"Hunt Ave	1101","N"
"Hunter Ave	1101","N"
"Huntington Ave	1101","N"
"Hunts Point Ave	1101","N"
"Hunts Point County Op Market	1101","N"
"Husson Ave	1101","N"
"Hutchinson Ave	1101","N"
"Hutchinson River Pkwy	1101","N"
"Hutchinson River Pkwy E	1101","N"
"Huxley Ave	1101","N"
"Hwy 9	1101","N"
"Hyatt Ave	1101","N"
"I St	1101","N"
"I-95	1101","N"
"Independence Ave	1101","N"
"Indian Rd	1101","N"
"Indian Trail	1101","N"
"Industrial St	1101","N"
"Interstate 278	1101","N"
"Interstate 295	1101","N"
"Interstate 87	1101","N"
"Interstate 895	1101","N"
"Intervale Ave	1101","N"
"Inwood Ave	1101","N"
"Irvine St	1101","N"
"Irving Ave	1101","N"
"Irving Pl	1101","N"
"Irwin Ave	1101","N"
"Iselin Ave	1101","N"
"Ittner Pl	1101","N"
"Ivy Pl	1101","N"
"J St	1101","N"
"Jackson Ave	1101","N"
"Jarrett Pl	1101","N"
"Jarvis Ave	1101","N"
"Jasamine Pl	1101","N"
"Jay Pl	1101","N"
"Jefferson Pl	1101","N"
"Jennings St	1101","N"
"Jerome Ave	1101","N"
"Jesup Ave	1101","N"
"Jesup Pl	1101","N"
"Johnson Ave	1101","N"
"Johnson St	1101","N"
"K St	1101","N"
"Kappock St	1101","N"
"Katonah Ave	1101","N"
"Kearney Ave	1101","N"
"Kelly St	1101","N"
"Kennellworth Pl	1101","N"
"Kepler Ave	1101","N"
"Kilroe St	1101","N"
"Kimball Ave	1101","N"
"Kimberly Pl	1101","N"
"King Ave	1101","N"
"King St	1101","N"
"Kings' College Place	1101","N"
"Kingsbridge Ave	1101","N"
"Kingsbridge Terrace	1101","N"
"Kingsland Ave	1101","N"
"Kingsland Plaza	1101","N"
"Kinnear Pl	1101","N"
"Kinsella St	1101","N"
"Kipp Rd	1101","N"
"Kirby St	1101","N"
"Kirk St	1101","N"
"Knapp St	1101","N"
"Knolls Creek	1101","N"
"Knolls Crescent	1101","N"
"Knox Pl	1101","N"
"Kossuth Ave	1101","N"
"L St	1101","N"
"La Fontaine Ave	1101","N"
"Lacombe Ave	1101","N"
"Laconia Ave	1101","N"
"Ladd Rd	1101","N"
"Lafayette Ave	1101","N"
"Lafontaine Ave	1101","N"
"Lakeview Pl	1101","N"
"Lakewood Pl	1101","N"
"Lamport Pl	1101","N"
"Landing Rd	1101","N"
"Landscape Ave	1101","N"
"Lane Ave	1101","N"
"Lasalle Ave	1101","N"
"Latting St	1101","N"
"Laurel Dr	1101","N"
"Laurie Ave	1101","N"
"Lawton Ave	1101","N"
"Layton Ave	1101","N"
"Lebanon St	1101","N"
"Lee Ave	1101","N"
"Lee St	1101","N"
"Leeward Ln	1101","N"
"Leggett Ave	1101","N"
"Lehman Terrace	1101","N"
"Leighton Ave	1101","N"
"Leland Ave	1101","N"
"Leroy Ave	1101","N"
"Lester St	1101","N"
"Libby Pl	1101","N"
"Library Ave	1101","N"
"Liebig Ave	1101","N"
"Light St	1101","N"
"Lighting Pl	1101","N"
"Lincoln Ave	1101","N"
"Linden Ave	1101","N"
"Linden Dr	1101","N"
"Lisbon Pl	1101","N"
"Livingston Ave	1101","N"
"Locust Ave	1101","N"
"Locust Point Dr	1101","N"
"Lodovick Ave	1101","N"
"Logan Ave	1101","N"
"Lohengrin Pl	1101","N"
"Longfellow Ave	1101","N"
"Longmeadow Rd	1101","N"
"Longstreet Ave	1101","N"
"Longwood Ave	1101","N"
"Loomis St	1101","N"
"Loop Rd	1101","N"
"Lorillard Pl	1101","N"
"Loring Pl N	1101","N"
"Loring Pl S	1101","N"
"Louis 9 Blvd	1101","N"
"Lowell St	1101","N"
"Lowerre Pl	1101","N"
"Lucerne St	1101","N"
"Lurting Ave	1101","N"
"Lustre St	1101","N"
"Lydig Ave	1101","N"
"Lyman Pl	1101","N"
"Lyon Ave	1101","N"
"Lyvere St	1101","N"
"Mac Donough Pl	1101","N"
"Mac Questen Pkwy N	1101","N"
"Mac Questen Pkwy S	1101","N"
"Maccracken Ave	1101","N"
"Mace Ave	1101","N"
"Maclay Ave	1101","N"
"Macombs Dam Bridge	1101","N"
"Macombs Rd	1101","N"
"Macy Pl	1101","N"
"Magenta St	1101","N"
"Magnolia Pl	1101","N"
"Mahan Ave	1101","N"
"Main St	1101","N"
"Maitland Ave	1101","N"
"Major Deegan Expy	1101","N"
"Major Deegan Serv Rd	1101","N"
"Manhattan College Pkwy	1101","N"
"Manida St	1101","N"
"Manning St	1101","N"
"Manor Ave	1101","N"
"Mansion St	1101","N"
"Mapes Ave	1101","N"
"Maple Ave	1101","N"
"Maple Dr	1101","N"
"Maran Pl	1101","N"
"Marcy Pl	1101","N"
"Marina Dr	1101","N"
"Marine St	1101","N"
"Marion Ave	1101","N"
"Market St	1101","N"
"Marmion Ave	1101","N"
"Marolla Pl	1101","N"
"Martha Ave	1101","N"
"Marvin Pl	1101","N"
"Matilda Ave	1101","N"
"Matthews Ave	1101","N"
"Mayflower Ave	1101","N"
"Mc Donald St	1101","N"
"Mc Owen Ave	1101","N"
"Mcclellan St	1101","N"
"Mcgraw Ave	1101","N"
"Mclean Ave	1101","N"
"Mead St	1101","N"
"Meagher Ave	1101","N"
"Melrose Ave	1101","N"
"Melville St	1101","N"
"Mercy College Pl	1101","N"
"Merriam Ave	1101","N"
"Merrill St	1101","N"
"Merritt Ave	1101","N"
"Merry Ave	1101","N"
"Metcalf Ave	1101","N"
"Metropolitan Av - Red Oak Dr	1101","N"
"Metropolitan Ave	1101","N"
"Metropolitan Oval	1101","N"
"Meyers St	1101","N"
"Mickle Ave	1101","N"
"Middletown Rd	1101","N"
"Mildred Pl	1101","N"
"Miles Ave	1101","N"
"Milton Pl	1101","N"
"Minerva Pl	1101","N"
"Minford Pl	1101","N"
"Minnieford Ave	1101","N"
"Miriam St	1101","N"
"Mitchell Pl	1101","N"
"Mohegan Ave	1101","N"
"Monroe Ave	1101","N"
"Monroe St	1101","N"
"Monsignor Halpin Pl	1101","N"
"Monterey Ave	1101","N"
"Montgomery Ave	1101","N"
"Montgomery Pl	1101","N"
"Monticello Ave	1101","N"
"Morgan Ave	1101","N"
"Morris Ave	1101","N"
"Morris Park Ave	1101","N"
"Morrison Ave	1101","N"
"Morton Pl	1101","N"
"Mosholu Ave	1101","N"
"Mosholu Pkwy	1101","N"
"Mosholu Pkwy N	1101","N"
"Mosholu Pkwy S	1101","N"
"Msgr Cahill Pl	1101","N"
"Mt Eden Ave	1101","N"
"Mt Eden Pkwy	1101","N"
"Mt Hope Pl	1101","N"
"Mt St Ursula Pl	1101","N"
"Mulford Ave	1101","N"
"Muliner Ave	1101","N"
"Mullan Pl	1101","N"
"Mullen Pl	1101","N"
"Mulvey Ave	1101","N"
"Mundy Ln	1101","N"
"Murdock Ave	1101","N"
"Murray Ct	1101","N"
"N Chestnut Dr	1101","N"
"N Oak Dr	1101","N"
"Napier Ave	1101","N"
"Naples Terrace	1101","N"
"Narragansett Ave	1101","N"
"Needham Ave	1101","N"
"Neill Ave	1101","N"
"Nelson Ave	1101","N"
"Neptune Ct	1101","N"
"Neptune Ln	1101","N"
"Nereid Ave	1101","N"
"Netherland Ave	1101","N"
"New England Thruway	1101","N"
"New York State Thruway	1101","N"
"Newbold Ave	1101","N"
"Newman Ave	1101","N"
"Newport Ave	1101","N"
"Niell Ave	1101","N"
"Noble Ave	1101","N"
"Noell Ave	1101","N"
"North St	1101","N"
"Norton Ave	1101","N"
"Nuvern Ave	1101","N"
"Ny Orphan Aym Rd	1101","N"
"Oak Ave	1101","N"
"Oak Ln	1101","N"
"Oak Point Ave	1101","N"
"Oak Terrace	1101","N"
"Oak Tree Pl	1101","N"
"Oakland Pl	1101","N"
"Oakley St	1101","N"
"Obrien Ave	1101","N"
"Odell St	1101","N"
"Ogden Ave	1101","N"
"Ohm Ave	1101","N"
"Old Albany Post Rd	1101","N"
"Old Jerome Ave	1101","N"
"Old Kingsbridge Rd	1101","N"
"Old White Plains Rd	1101","N"
"Olinville Ave	1101","N"
"Oliver Pl	1101","N"
"Olmstead Ave	1101","N"
"Oneida Ave	1101","N"
"Oneill Pl	1101","N"
"Orchard Beach Rd	1101","N"
"Orloff Ave	1101","N"
"Osbourne Pl	1101","N"
"Osgood St	1101","N"
"Osman Pl	1101","N"
"Otis Ave	1101","N"
"Outlook Ave	1101","N"
"Overing St	1101","N"
"Oxford Ave	1101","N"
"P St	1101","N"
"Paine St	1101","N"
"Palisade Ave	1101","N"
"Palisade Pl	1101","N"
"Palmer Ave	1101","N"
"Park Ave	1101","N"
"Park Dr	1101","N"
"Park Ln	1101","N"
"Parkchester Rd	1101","N"
"Parker St	1101","N"
"Parkside Pl	1101","N"
"Parkview Ave	1101","N"
"Parkview Terrace	1101","N"
"Parkway N	1101","N"
"Parsifal Pl	1101","N"
"Patterson Ave	1101","N"
"Paul Ave	1101","N"
"Paulding Ave	1101","N"
"Paulis Pl	1101","N"
"Pawnee Pl	1101","N"
"Peace St	1101","N"
"Pearl St	1101","N"
"Pearsall Ave	1101","N"
"Peartree Ave	1101","N"
"Pelham Bay Park W	1101","N"
"Pelham Bridge Rd	1101","N"
"Pelham Pkwy - Eastchester Rd	1101","N"
"Pelham Pkwy N	1101","N"
"Pelham Pkwy S	1101","N"
"Pelham Prkw. S ../../view.php?place=Pelham Prkw. S #1a	1101","N"
"Pell Pl	1101","N"
"Penfield St	1101","N"
"Pennyfield Ave	1101","N"
"Pennyfield Camp	1101","N"
"Perot St	1101","N"
"Perry Ave	1101","N"
"Peters Pl	1101","N"
"Phelan Pl	1101","N"
"Philip Ave	1101","N"
"Pierce Ave	1101","N"
"Pilgrim Ave	1101","N"
"Pilot St	1101","N"
"Pinchot Pl	1101","N"
"Pine Dr	1101","N"
"Pinkney Ave	1101","N"
"Pitman Ave	1101","N"
"Plaza Pl	1101","N"
"Plimpton Ave	1101","N"
"Ploughmans Bush	1101","N"
"Plymouth Ave	1101","N"
"Poe Pl	1101","N"
"Polo Pl	1101","N"
"Pond Pl	1101","N"
"Pontiac Pl	1101","N"
"Ponton Ave	1101","N"
"Popham Ave	1101","N"
"Poplar Ave	1101","N"
"Poplar St	1101","N"
"Post Rd	1101","N"
"Powell Ave	1101","N"
"Powers Ave	1101","N"
"Pratt Ave	1101","N"
"Prentiss Ave	1101","N"
"Priory Ln	1101","N"
"Prospect Ave	1101","N"
"Prospect Pl	1101","N"
"Provost Ave	1101","N"
"Pugsley Ave	1101","N"
"Purdy St	1101","N"
"Puritan Ave	1101","N"
"Putnam Ave W	1101","N"
"Putnam Pl	1101","N"
"Q St	1101","N"
"Quarry Rd	1101","N"
"Quimby Ave	1101","N"
"Quincy Ave	1101","N"
"R St	1101","N"
"Radcliff Ave	1101","N"
"Radio Dr	1101","N"
"Rae St	1101","N"
"Railroad Terrace	1101","N"
"Randall Ave	1101","N"
"Randolph Pl	1101","N"
"Rawlins Ave	1101","N"
"Redwood Oak Dr	1101","N"
"Reed Pl	1101","N"
"Reeds Mill Ln	1101","N"
"Regina Pl	1101","N"
"Reiss Pl	1101","N"
"Research Ave	1101","N"
"Reservoir Ave	1101","N"
"Reservoir Oval E	1101","N"
"Reservoir Oval W	1101","N"
"Reservoir Pl	1101","N"
"Rev James A Polite Ave	1101","N"
"Revere Ave	1101","N"
"Reverend Kenneth L Folkes Way	1101","N"
"Review Pl	1101","N"
"Reville St	1101","N"
"Reynold St	1101","N"
"Reynolds Ave	1101","N"
"Rhinelander Ave	1101","N"
"Richardson Ave	1101","N"
"Richman Plaza	1101","N"
"Rider Ave	1101","N"
"Ridge Pl	1101","N"
"Rikers Is Br Appr	1101","N"
"Rikers Is Branch	1101","N"
"Ritter Pl	1101","N"
"River Ave	1101","N"
"River Crest Rd	1101","N"
"River Rd	1101","N"
"Rivercrest Rd	1101","N"
"Riverdale Ave	1101","N"
"Riverdale Yacht Club	1101","N"
"Roberts Ave	1101","N"
"Robertson Pl	1101","N"
"Robertson St	1101","N"
"Robinson Ave	1101","N"
"Rochambeau Ave	1101","N"
"Rochelle St	1101","N"
"Rockledge Ave	1101","N"
"Rockwood St	1101","N"
"Rodman Pl	1101","N"
"Roebling Ave	1101","N"
"Rogers Pl	1101","N"
"Rohr Pl	1101","N"
"Rombouts Ave	1101","N"
"Roosevelt Ave	1101","N"
"Roosevelt Pl	1101","N"
"Ropes Ave	1101","N"
"Rose Feiss Blvd	1101","N"
"Rosedale Ave	1101","N"
"Roselle St	1101","N"
"Rosewood St	1101","N"
"Rowe St	1101","N"
"Rowland St	1101","N"
"Rudd Pl	1101","N"
"Ryawa Ave	1101","N"
"Ryer Ave	1101","N"
"S Devoe Ave	1101","N"
"S Macquesten Pkwy	1101","N"
"S Oak Dr	1101","N"
"S Southern Blvd	1101","N"
"Sackett Ave	1101","N"
"Sagamore St	1101","N"
"Sampson Ave	1101","N"
"Sands Pl	1101","N"
"Saratoga Ave	1101","N"
"Saxon Ave	1101","N"
"Scenic Pl	1101","N"
"Schieffelin Ave	1101","N"
"Schieffelin Pl	1101","N"
"Schley Ave	1101","N"
"Schofield St	1101","N"
"Schorr Pl	1101","N"
"Schurz Ave	1101","N"
"Schuyler Pl	1101","N"
"Schuyler Terrace	1101","N"
"Scott Pl	1101","N"
"Screvin Ave	1101","N"
"Seabury Ave	1101","N"
"Seabury Pl	1101","N"
"Secor Ave	1101","N"
"Seddon St	1101","N"
"Sedgewick Ave	1101","N"
"Sedgwick Ave	1101","N"
"Selwyn Ave	1101","N"
"Seminole Ave	1101","N"
"Seminole St	1101","N"
"Seneca Ave	1101","N"
"Senger Pl	1101","N"
"Seton Ave	1101","N"
"Seward Ave	1101","N"
"Sexton Pl	1101","N"
"Seymour Ave	1101","N"
"Shakespeare Ave	1101","N"
"Sheridan Ave	1101","N"
"Sheridan Expy	1101","N"
"Sheriff S Byrd Pl	1101","N"
"Sherman Ave	1101","N"
"Shore	1101","N"
"Shore Dr	1101","N"
"Shore Rd	1101","N"
"Shoreview Cir	1101","N"
"Shrady Pl	1101","N"
"Siegfried Pl	1101","N"
"Sigma Pl	1101","N"
"Silver Beach Pl	1101","N"
"Silver St	1101","N"
"Simpson St	1101","N"
"Sommer Pl	1101","N"
"Soundview Ave	1101","N"
"Soundview Terrace	1101","N"
"South St	1101","N"
"Southern Blvd	1101","N"
"Spaulding Ln	1101","N"
"Spencer Ave	1101","N"
"Spencer Dr	1101","N"
"Spencer Pl	1101","N"
"Spencer Terrace	1101","N"
"Split Rock Rd	1101","N"
"Splitrock Rd	1101","N"
"Spofford Ave	1101","N"
"Spring Rd	1101","N"
"St Ann's Pl	1101","N"
"St Anns Ave	1101","N"
"St Barnabas Pl	1101","N"
"St Georges Crescent	1101","N"
"St Joseph's Way	1101","N"
"St Lawrence Ave	1101","N"
"St Marks Pl	1101","N"
"St Marys St	1101","N"
"St Ouen St	1101","N"
"St Pauls Ave	1101","N"
"St Pauls Pl	1101","N"
"St Peters Ave	1101","N"
"St Raymonds Ave	1101","N"
"St Theresa Ave	1101","N"
"Stadium Ave	1101","N"
"Stanton Ct	1101","N"
"Starboard Ct	1101","N"
"Starling Ave	1101","N"
"State Highway 22	1101","N"
"Stearns St	1101","N"
"Stebbins Ave	1101","N"
"Stedman Pl	1101","N"
"Steenwick Ave	1101","N"
"Stell Pl	1101","N"
"Step St	1101","N"
"Stephens Ave	1101","N"
"Sterling Ave	1101","N"
"Steuben Ave	1101","N"
"Stevens Pl	1101","N"
"Stevenson Pl	1101","N"
"Stickball Blvd	1101","N"
"Stickney Pl	1101","N"
"Stillwell Ave	1101","N"
"Story Ave	1101","N"
"Strang Ave	1101","N"
"Stratford Ave	1101","N"
"Strong St	1101","N"
"Suburban Pl	1101","N"
"Sullivan Pl	1101","N"
"Summit Ave	1101","N"
"Summit Pl	1101","N"
"Sunset Blvd	1101","N"
"Sunset Trail	1101","N"
"Surf Dr	1101","N"
"Sutherland St	1101","N"
"Swinton Ave	1101","N"
"Sycamore Ave	1101","N"
"Sycamore Dr	1101","N"
"Sylvan Ave	1101","N"
"T St	1101","N"
"Tan Pl	1101","N"
"Taylor Ave	1101","N"
"Teller Ave	1101","N"
"Tenbroeck Ave	1101","N"
"Tenney Pl	1101","N"
"Terrace Pl	1101","N"
"Terrace St	1101","N"
"The Mall At Bay Plaza	1101","N"
"Thieriot Ave	1101","N"
"Thorns Ln	1101","N"
"Throggs Neck Blvd	1101","N"
"Throggs Neck Expy	1101","N"
"Throgmorton Ave	1101","N"
"Throgs Neck Bridge	1101","N"
"Throop Ave	1101","N"
"Thurman Munson Way	1101","N"
"Thwaites Pl	1101","N"
"Tibbett Ave	1101","N"
"Tibbetts Rd	1101","N"
"Tiebout Ave	1101","N"
"Tiemann Ave	1101","N"
"Tier St	1101","N"
"Tierney Pl	1101","N"
"Tiffany St	1101","N"
"Tilden St	1101","N"
"Tillotson Ave	1101","N"
"Timpson Pl	1101","N"
"Tinton Ave	1101","N"
"Tomlinson Ave	1101","N"
"Topping Ave	1101","N"
"Torry Ave	1101","N"
"Townsend Ave	1101","N"
"Trafalgar Pl	1101","N"
"Tratman Ave	1101","N"
"Trinity Ave	1101","N"
"Truxton St	1101","N"
"Tryon Ave	1101","N"
"Tudor Pl	1101","N"
"Tulfan Terrace	1101","N"
"Turnbull Ave	1101","N"
"Turneur Ave	1101","N"
"Tyndall Ave	1101","N"
"U St	1101","N"
"U.s. 1	1101","N"
"Undercliff Ave	1101","N"
"Underhill Ave	1101","N"
"Union Ave	1101","N"
"Unionport Rd	1101","N"
"University Ave	1101","N"
"Us Army Reservation	1101","N"
"Valentine Ave	1101","N"
"Valhalla Dr	1101","N"
"Valles Ave	1101","N"
"Van Buren St	1101","N"
"Van Cortlandt Ave E	1101","N"
"Van Cortlandt Ave W	1101","N"
"Van Cortlandt Park Ave	1101","N"
"Van Cortlandt Park E	1101","N"
"Van Cortlandt Park S	1101","N"
"Van Hoesen Ave	1101","N"
"Van Nest Ave	1101","N"
"Vance St	1101","N"
"Varian Ave	1101","N"
"Victor St	1101","N"
"Viele Ave	1101","N"
"Villa Ave	1101","N"
"Vincent Ave	1101","N"
"Vireo Ave	1101","N"
"Virgil Pl	1101","N"
"Virginia Ave	1101","N"
"Vista Pl	1101","N"
"Vreeland Ave	1101","N"
"Vyse Ave	1101","N"
"W 161st St	1101","N"
"W 162nd St	1101","N"
"W 163rd St	1101","N"
"W 164th St	1101","N"
"W 165th St	1101","N"
"W 166th St	1101","N"
"W 167th St	1101","N"
"W 168th St	1101","N"
"W 169th St	1101","N"
"W 170th St	1101","N"
"W 171st St	1101","N"
"W 172nd St	1101","N"
"W 174th St	1101","N"
"W 175th St	1101","N"
"W 176th St	1101","N"
"W 177th St	1101","N"
"W 179th St	1101","N"
"W 180th St	1101","N"
"W 181st St	1101","N"
"W 182nd St	1101","N"
"W 183rd St	1101","N"
"W 184th St	1101","N"
"W 188th St	1101","N"
"W 190th St	1101","N"
"W 192nd St	1101","N"
"W 193rd St	1101","N"
"W 195th St	1101","N"
"W 197th St	1101","N"
"W 205th St	1101","N"
"W 229th St	1101","N"
"W 230th St	1101","N"
"W 231st St	1101","N"
"W 232nd St	1101","N"
"W 233rd St	1101","N"
"W 234th St	1101","N"
"W 235th St	1101","N"
"W 236th St	1101","N"
"W 237th St	1101","N"
"W 238th St	1101","N"
"W 239th St	1101","N"
"W 240th St	1101","N"
"W 242nd St	1101","N"
"W 244th St	1101","N"
"W 245th St	1101","N"
"W 246th St	1101","N"
"W 247th St	1101","N"
"W 249th St	1101","N"
"W 250th St	1101","N"
"W 251st St	1101","N"
"W 252nd St	1101","N"
"W 253rd St	1101","N"
"W 254th St	1101","N"
"W 255th St	1101","N"
"W 256th St	1101","N"
"W 258th St	1101","N"
"W 259th St	1101","N"
"W 260th St	1101","N"
"W 261st St	1101","N"
"W 262nd St	1101","N"
"W 263rd St	1101","N"
"W Burnside Ave	1101","N"
"W Delano Ave	1101","N"
"W Farms Rd	1101","N"
"W Farms Square Plaza	1101","N"
"W Fordham Rd	1101","N"
"W Gun Hill Rd	1101","N"
"W Kingsbridge Rd	1101","N"
"W Mosholu Pkwy N	1101","N"
"W Mosholu Pkwy S	1101","N"
"W Tremont Ave	1101","N"
"Wade Square	1101","N"
"Wakefield Ave	1101","N"
"Waldo Ave	1101","N"
"Wales Ave	1101","N"
"Wallace Ave	1101","N"
"Walnut Ave	1101","N"
"Walton Ave	1101","N"
"Ward Ave	1101","N"
"Waring Ave	1101","N"
"Washington Ave	1101","N"
"Washington Blvd	1101","N"
"Waterbury Ave	1101","N"
"Waterloo Pl	1101","N"
"Waters Ave	1101","N"
"Waters Pl	1101","N"
"Watson Ave	1101","N"
"Watt Ave	1101","N"
"Wavehill Driveway	1101","N"
"Wayne Ave	1101","N"
"Wchester Ave	1101","N"
"Webb Ave	1101","N"
"Webster Ave	1101","N"
"Weeks Ave	1101","N"
"Weiher Ct	1101","N"
"Wellesley Ave	1101","N"
"Wellman Ave	1101","N"
"Wenner Pl	1101","N"
"West Ave	1101","N"
"West St	1101","N"
"Westchester Ave	1101","N"
"Westchester Square	1101","N"
"Westervelt Ave	1101","N"
"Whalen Ave	1101","N"
"Wheeler Ave	1101","N"
"White Plains Rd	1101","N"
"Whitehall Pl	1101","N"
"Whitlock Ave	1101","N"
"Whittemore Ave	1101","N"
"Whittier St	1101","N"
"Wickham Ave	1101","N"
"Wilcox Ave	1101","N"
"Wilder Ave	1101","N"
"Wildwood Ave	1101","N"
"Wilkins Ave	1101","N"
"Wilkinson Ave	1101","N"
"Willett Ave	1101","N"
"William Ave	1101","N"
"William Pl	1101","N"
"Williamsbridge Rd	1101","N"
"Willis Ave	1101","N"
"Willow Ave	1101","N"
"Willow Ln	1101","N"
"Wilson Ave	1101","N"
"Windsor Pl	1101","N"
"Windward Ln	1101","N"
"Winters St	1101","N"
"Wissman Ave	1101","N"
"Wood Ave	1101","N"
"Wood Rd	1101","N"
"Woodhull Ave	1101","N"
"Woodlawn Ave	1101","N"
"Woodmansten Pl	1101","N"
"Woodycrest Ave	1101","N"
"Worthen St	1101","N"
"Wright Ave	1101","N"
"Wyatt St	1101","N"
"Wythe Pl	1101","N"
"X St	1101","N"
"Yankee Mall	1101","N"
"Yates Ave	1101","N"
"Young Ave	1101","N"
"Yznaga Pl	1101","N"
"Zerega Ave	1101","N"
"Zulette Ave	1101","N"
"Asylum Road	1101","N"
"Crowninshield Street	1101","N"
"Depeyster Street	1101","N"
"Emmet Street	1101","N"
"Erben Avenue	1101","N"
"Hanus Street	1101","N"
"Mcgowan Street	1101","N"
"Patterson Street	1101","N"
"Reeder Street	1101","N"
"Shepard Avenue	1101","N"
"Wadhams Street	1101","N"
"10th Avenue South	1101","N"
"11th Avenue	1101","N"
"12th Avenue	1101","N"
"13th Avenue	1101","N"
"1st Avenue	1101","N"
"1st Street	1101","N"
"226th Drive South	1101","N"
"229th Drive North	1101","N"
"229th Street Drive South	1101","N"
"2nd Avenue	1101","N"
"2nd Street	1101","N"
"3rd Avenue	1101","N"
"3rd Street	1101","N"
"4th Avenue	1101","N"
"5th Avenue	1101","N"
"6th Avenue	1101","N"
"7th Avenue	1101","N"
"9th Avenue	1101","N"
"A Street	1101","N"
"Abbot Street	1101","N"
"Acorn Place	1101","N"
"Adams Place	1101","N"
"Adams Street	1101","N"
"Adee Avenue	1101","N"
"Adee Drive	1101","N"
"Adler Place	1101","N"
"Admiral Court	1101","N"
"Admiral Lane	1101","N"
"Agar Place	1101","N"
"Agawam North	1101","N"
"Alan Place	1101","N"
"Alcott Place	1101","N"
"Alden Place	1101","N"
"Alderbrook Road	1101","N"
"Aldrich Street	1101","N"
"Aldus Street	1101","N"
"Alexander Avenue	1101","N"
"Allen Place	1101","N"
"Allerton Avenue	1101","N"
"Amberson Avenue	1101","N"
"Amethyst Street	1101","N"
"Ampere Avenue	1101","N"
"Amundson Avenue	1101","N"
"Anderson Avenue	1101","N"
"Andrews Avenue North	1101","N"
"Andrews Avenue South	1101","N"
"Anthony Avenue	1101","N"
"Anthony J Griffin Place	1101","N"
"Antin Place	1101","N"
"Aqueduct Avenue	1101","N"
"Aqueduct Avenue East	1101","N"
"Aqueduct Avenue West	1101","N"
"Archer Road	1101","N"
"Archer Street	1101","N"
"Arlington Avenue	1101","N"
"Armand Place	1101","N"
"Arnow Avenue	1101","N"
"Arnow Place	1101","N"
"Arthur Avenue	1101","N"
"Aster Place	1101","N"
"Astor Avenue	1101","N"
"Austin Place	1101","N"
"Avenue East	1101","N"
"Avenue Street John	1101","N"
"B Avenue	1101","N"
"B Street	1101","N"
"Bailey Avenue	1101","N"
"Bailey Place	1101","N"
"Bainbridge Avenue	1101","N"
"Baisley Avenue	1101","N"
"Baker Avenue	1101","N"
"Balcom Avenue	1101","N"
"Baldwin Street	1101","N"
"Balsam Place	1101","N"
"Banes Court	1101","N"
"Bantam Place	1101","N"
"Banyer Place	1101","N"
"Barker Avenue	1101","N"
"Barkley Avenue	1101","N"
"Barnes Avenue	1101","N"
"Barnett Place	1101","N"
"Barrett Avenue	1101","N"
"Barretto Street	1101","N"
"Barry Street	1101","N"
"Bartholdi Street	1101","N"
"Bartow Avenue	1101","N"
"Bassett Avenue	1101","N"
"Bassford Avenue	1101","N"
"Bathgate Avenue	1101","N"
"Bay Shore Avenue	1101","N"
"Bay Street	1101","N"
"Baychester Avenue	1101","N"
"Bayview Avenue	1101","N"
"Beach Avenue	1101","N"
"Beach Street	1101","N"
"Beacon Lane	1101","N"
"Beaumont Avenue	1101","N"
"Beck Street	1101","N"
"Bedford Park Boulevard	1101","N"
"Bedford Park Boulevard West	1101","N"
"Beech Place	1101","N"
"Beech Tree Lane	1101","N"
"Beekman Avenue	1101","N"
"Belden Street	1101","N"
"Bell Avenue	1101","N"
"Belmont Avenue	1101","N"
"Belmont Street	1101","N"
"Benchley Place	1101","N"
"Benedict Avenue	1101","N"
"Benson Street	1101","N"
"Bergen Avenue	1101","N"
"Berkeley Avenue	1101","N"
"Betts Avenue	1101","N"
"Bevy Place	1101","N"
"Bingham Road	1101","N"
"Birchall Avenue	1101","N"
"Bissel Avenue	1101","N"
"Bivona Street	1101","N"
"Blackrock Avenue	1101","N"
"Blackstone Avenue	1101","N"
"Blackstone Place	1101","N"
"Blair Avenue	1101","N"
"Blondell Avenue	1101","N"
"Bogart Avenue	1101","N"
"Boller Avenue	1101","N"
"Bolton Avenue	1101","N"
"Bolton Street	1101","N"
"Bonner Place	1101","N"
"Boone Avenue	1101","N"
"Boscobel Place	1101","N"
"Boston Post Road	1101","N"
"Boston Road	1101","N"
"Botanical Square North	1101","N"
"Botanical Square South	1101","N"
"Bouck Avenue	1101","N"
"Bowne Street	1101","N"
"Boyd Avenue	1101","N"
"Boynton Avenue	1101","N"
"Bradford Avenue	1101","N"
"Bradley Street	1101","N"
"Brady Avenue	1101","N"
"Brandt Place	1101","N"
"Bridge Street	1101","N"
"Briggs Avenue	1101","N"
"Brinsmade Avenue	1101","N"
"Bristow Street	1101","N"
"Britton Street	1101","N"
"Bronx Boulevard	1101","N"
"Bronx Park East	1101","N"
"Bronx Park Road	1101","N"
"Bronx Park South	1101","N"
"Bronx River Avenue	1101","N"
"Bronx Street	1101","N"
"Bronxdale Avenue	1101","N"
"Bronxwood Avenue	1101","N"
"Brook Avenue	1101","N"
"Broun Place	1101","N"
"Brown Lane	1101","N"
"Brown Place	1101","N"
"Browns Lane	1101","N"
"Bruce Avenue	1101","N"
"Bruckner Boulevard	1101","N"
"Bruner Avenue	1101","N"
"Brush Avenue	1101","N"
"Bryant Avenue	1101","N"
"Buchanan Place	1101","N"
"Buck Street	1101","N"
"Buckley Street	1101","N"
"Buhre Avenue	1101","N"
"Bullard Avenue	1101","N"
"Burke Avenue	1101","N"
"Burnet Place	1101","N"
"Burr Avenue	1101","N"
"Bush Street	1101","N"
"Bushnell Place	1101","N"
"Bussing Avenue	1101","N"
"Bussing Place	1101","N"
"Butler Place	1101","N"
"Butterick Avenue	1101","N"
"Buttrick Avenue	1101","N"
"Byron Avenue	1101","N"
"C Avenue	1101","N"
"C Street	1101","N"
"Caesar Place	1101","N"
"Calhoun Avenue	1101","N"
"Cambreleng Avenue	1101","N"
"Cambridge Avenue	1101","N"
"Cameron Place	1101","N"
"Camp Street	1101","N"
"Campbell Drive	1101","N"
"Canal Place	1101","N"
"Canal Street West	1101","N"
"Cannon Place	1101","N"
"Cardinal Spellman Place	1101","N"
"Carlisle Place	1101","N"
"Carpenter Avenue	1101","N"
"Carroll Place	1101","N"
"Carroll Street	1101","N"
"Carter Avenue	1101","N"
"Caryl Avenue	1101","N"
"Casals Place	1101","N"
"Casanova Street	1101","N"
"Casler Place	1101","N"
"Castle Hill Avenue	1101","N"
"Catalpa Place	1101","N"
"Cauldwell Avenue	1101","N"
"Cayuga Avenue	1101","N"
"Cedar Avenue	1101","N"
"Cedar Lane	1101","N"
"Cedar Place	1101","N"
"Central Park Avenue	1101","N"
"Centre Street	1101","N"
"Chaffee Avenue	1101","N"
"Charlotte Street	1101","N"
"Chatterton Avenue	1101","N"
"Chesbrough Avenue	1101","N"
"Chester Street	1101","N"
"Chestnut Street	1101","N"
"Chisholm Street	1101","N"
"Choctaw Place	1101","N"
"Cicero Avenue	1101","N"
"Cincinnatus Avenue	1101","N"
"City Island Avenue	1101","N"
"City Island Road	1101","N"
"Claflin Avenue	1101","N"
"Clarence Avenue	1101","N"
"Clarke Place West	1101","N"
"Clason Point Lane	1101","N"
"Clay Avenue	1101","N"
"Clementine Street	1101","N"
"Clifford Place	1101","N"
"Clifford Place East	1101","N"
"Clifton Avenue	1101","N"
"Clinton Avenue	1101","N"
"Clinton Place	1101","N"
"Close Avenue	1101","N"
"Co-op City Boulevard	1101","N"
"Coddington Avenue	1101","N"
"Colden Avenue	1101","N"
"Coles Lane	1101","N"
"Colgate Avenue	1101","N"
"College Avenue	1101","N"
"College Road	1101","N"
"Collis Place	1101","N"
"Colonial Avenue	1101","N"
"Commerce Avenue	1101","N"
"Commonwealth Avenue	1101","N"
"Compton Avenue	1101","N"
"Concord Avenue	1101","N"
"Concourse Village East	1101","N"
"Concourse Village West	1101","N"
"Connell Place	1101","N"
"Conner Street	1101","N"
"Continental Avenue	1101","N"
"Coogans Place	1101","N"
"Cooper Avenue	1101","N"
"Cooper Place	1101","N"
"Corlear Avenue	1101","N"
"Cornell Avenue	1101","N"
"Cornell Place	1101","N"
"Corsa Avenue	1101","N"
"Cortlandt Street	1101","N"
"Coster Street	1101","N"
"Cottage Place	1101","N"
"Country Club Road	1101","N"
"Courter Avenue	1101","N"
"Courtlandt Avenue	1101","N"
"Cox Avenue	1101","N"
"Cranford Avenue	1101","N"
"CrAvenuen Street	1101","N"
"Crawford Avenue	1101","N"
"Crescent Avenue	1101","N"
"Creston Avenue	1101","N"
"Crimmins Avenue	1101","N"
"Croes Avenue	1101","N"
"Croes Place	1101","N"
"Cromwell Avenue	1101","N"
"Crosby Avenue	1101","N"
"Cross Bronx Expressway Service Road	1101","N"
"Cross Bronx Service Road North	1101","N"
"Cross Street	1101","N"
"Crotona Avenue	1101","N"
"Crotona Park East	1101","N"
"Crotona Park North	1101","N"
"Crotona Park South	1101","N"
"Crotona Parkway	1101","N"
"Crotona Place	1101","N"
"Cruger Avenue	1101","N"
"Curtiss Avenue	1101","N"
"Cypress Avenue	1101","N"
"Cyrus Place	1101","N"
"D Avenue	1101","N"
"D Street	1101","N"
"Daisy Place	1101","N"
"Daly Avenue	1101","N"
"Daniel Street	1101","N"
"Dare Place	1101","N"
"Dark Street	1101","N"
"Darrow Place	1101","N"
"Dash Place	1101","N"
"Davidson Avenue	1101","N"
"Davis Avenue	1101","N"
"Davit Court	1101","N"
"Dawson Street	1101","N"
"De Kruif Place	1101","N"
"De Reimer Avenue	1101","N"
"De Witt Place	1101","N"
"Dean Avenue	1101","N"
"Debs Place	1101","N"
"Decatur Avenue	1101","N"
"Defoe Place	1101","N"
"Dekalb Avenue	1101","N"
"Delafield Avenue	1101","N"
"Delafield Place	1101","N"
"Delancey Place	1101","N"
"Delano Avenue	1101","N"
"Delanoy Avenue	1101","N"
"Delavall Avenue	1101","N"
"Demeyer Street	1101","N"
"Depot Place	1101","N"
"Depot Place Appr	1101","N"
"Devoe Avenue	1101","N"
"Dewey Avenue	1101","N"
"Dewitt Place	1101","N"
"Deyo Street	1101","N"
"Dickinson Avenue	1101","N"
"Digney Avenue	1101","N"
"Dill Place	1101","N"
"Ditmars Street	1101","N"
"Dock Street	1101","N"
"Dodgewood Road	1101","N"
"Dogwood Drive	1101","N"
"Donizetti Place	1101","N"
"Doris Street	1101","N"
"Dorothea Place	1101","N"
"Dorsey Street	1101","N"
"Douglas Avenue	1101","N"
"Drive Martin Luther King Jr Boulevard	1101","N"
"Drive Theodore Kazimiroff Boulevard	1101","N"
"Drainage Street	1101","N"
"Drake Park South	1101","N"
"Drake Street	1101","N"
"Dudley Avenue	1101","N"
"Duncan Street	1101","N"
"Duncomb Avenue	1101","N"
"Dune Court	1101","N"
"Dupont Street	1101","N"
"Duryea Avenue	1101","N"
"Dwight Place	1101","N"
"Dyre Avenue	1101","N"
"East 132nd Street	1101","N"
"East 133rd Street	1101","N"
"East 134th Street	1101","N"
"East 135th Street	1101","N"
"East 136th Street	1101","N"
"East 137th Street	1101","N"
"East 139th Street	1101","N"
"East 140th Street	1101","N"
"East 141st Street	1101","N"
"East 142nd Street	1101","N"
"East 143rd Street	1101","N"
"East 144th Street	1101","N"
"East 145th Street	1101","N"
"East 146th Street	1101","N"
"East 147th Street	1101","N"
"East 148th Street	1101","N"
"East 149th Street	1101","N"
"East 150th Street	1101","N"
"East 151st Street	1101","N"
"East 152nd Street	1101","N"
"East 153rd Street	1101","N"
"East 154th Street	1101","N"
"East 155th Street	1101","N"
"East 156th Street	1101","N"
"East 157th Street	1101","N"
"East 158th Street	1101","N"
"East 159th Street	1101","N"
"East 160th Street	1101","N"
"East 161st Street	1101","N"
"East 162nd Street	1101","N"
"East 163rd Street	1101","N"
"East 164th Street	1101","N"
"East 165th Street	1101","N"
"East 166th Street	1101","N"
"East 167th Street	1101","N"
"East 168th Street	1101","N"
"East 169th Street	1101","N"
"East 170th Street	1101","N"
"East 171st Street	1101","N"
"East 172nd Street	1101","N"
"East 173rd Street	1101","N"
"East 174th Street	1101","N"
"East 175th Street	1101","N"
"East 176th Street	1101","N"
"East 177th Street	1101","N"
"East 178th Street	1101","N"
"East 179th Street	1101","N"
"East 180th Street	1101","N"
"East 181st Street	1101","N"
"East 182nd Street	1101","N"
"East 183rd Street	1101","N"
"East 184th Street	1101","N"
"East 185th Street	1101","N"
"East 186th Street	1101","N"
"East 187th Street	1101","N"
"East 188th Street	1101","N"
"East 189th Street	1101","N"
"East 190th Street	1101","N"
"East 191st Street	1101","N"
"East 192nd Street	1101","N"
"East 193rd Street	1101","N"
"East 194th Street	1101","N"
"East 195th Street	1101","N"
"East 196th Street	1101","N"
"East 197th Street	1101","N"
"East 198th Street	1101","N"
"East 199th Street	1101","N"
"East 201st Street	1101","N"
"East 202nd Street	1101","N"
"East 203rd Street	1101","N"
"East 204th Street	1101","N"
"East 205th Street	1101","N"
"East 206th Street	1101","N"
"East 207th Street	1101","N"
"East 208th Street	1101","N"
"East 209th Street	1101","N"
"East 210th Street	1101","N"
"East 211th Street	1101","N"
"East 212th Street	1101","N"
"East 213th Street	1101","N"
"East 214th Street	1101","N"
"East 215th Street	1101","N"
"East 216th Street	1101","N"
"East 217th Street	1101","N"
"East 218th Street	1101","N"
"East 219th Street	1101","N"
"East 220th Street	1101","N"
"East 221st Street	1101","N"
"East 222nd Street	1101","N"
"East 223rd Street	1101","N"
"East 224th Street	1101","N"
"East 225th Street	1101","N"
"East 226th Street	1101","N"
"East 227th Street	1101","N"
"East 228th Street	1101","N"
"East 229th Drive North	1101","N"
"East 229th Drive South	1101","N"
"East 229th Street	1101","N"
"East 230th Street	1101","N"
"East 231st Street	1101","N"
"East 232nd Street	1101","N"
"East 233rd Street	1101","N"
"East 234th Street	1101","N"
"East 235th Street	1101","N"
"East 236th Street	1101","N"
"East 237th Street	1101","N"
"East 238th Street	1101","N"
"East 239th Street	1101","N"
"East 240th Street	1101","N"
"East 241st Street	1101","N"
"East 242nd Street	1101","N"
"East 243rd Street	1101","N"
"East Bay Avenue	1101","N"
"East Burnside Avenue	1101","N"
"East Clarke Place	1101","N"
"East Clifford Place	1101","N"
"East Fordham Road	1101","N"
"East Gun Hill Road	1101","N"
"East Kingsbridge Road	1101","N"
"East Mosholu Parkway North	1101","N"
"East Mosholu Parkway South	1101","N"
"East Tremont Avenue	1101","N"
"Eagle Avenue	1101","N"
"Eames Place	1101","N"
"Earhart Lane	1101","N"
"Earley Street	1101","N"
"E Avenue	1101","N"
"Eastburn Avenue	1101","N"
"Eastchester Place	1101","N"
"Eastchester Road	1101","N"
"Echo Place	1101","N"
"Edenwald Avenue	1101","N"
"Edge Street	1101","N"
"Edgehill Avenue	1101","N"
"Edgemere Street	1101","N"
"Edgewater Road	1101","N"
"Edison Avenue	1101","N"
"Edsall Avenue	1101","N"
"Edson Avenue	1101","N"
"Edward L Grant Highway	1101","N"
"Edwards Avenue	1101","N"
"Effingham Avenue	1101","N"
"Eger Place	1101","N"
"Einstein Loop East	1101","N"
"Einstein Loop North	1101","N"
"Einstein Loop South	1101","N"
"Elder Avenue	1101","N"
"Elgar Place	1101","N"
"Elinor Place	1101","N"
"Elliot Place	1101","N"
"Ellis Avenue	1101","N"
"Ellis Place	1101","N"
"Ellison Avenue	1101","N"
"Ellsworth Avenue	1101","N"
"Elm Drive	1101","N"
"Elm Place	1101","N"
"Elm Tree Lane	1101","N"
"Elsmere Place	1101","N"
"Elton Avenue	1101","N"
"Ely Avenue	1101","N"
"Emerson Avenue	1101","N"
"Erdman Place	1101","N"
"Ericson Place	1101","N"
"Erskine Avenue	1101","N"
"Erskine Place	1101","N"
"Esplanade Avenue	1101","N"
"Euclid Avenue	1101","N"
"Evelyn Place	1101","N"
"Evergreen Avenue	1101","N"
"Exterior Street	1101","N"
"Faile Street	1101","N"
"Fairfax Avenue	1101","N"
"Fairfield Avenue	1101","N"
"Fairmont Place	1101","N"
"Fairmount Avenue	1101","N"
"Fairmount Place	1101","N"
"Fanshaw Avenue	1101","N"
"Faraday Avenue	1101","N"
"Farragut Street	1101","N"
"Father Zeiser Place	1101","N"
"Fearn Place	1101","N"
"Featherbed Lane	1101","N"
"Fenton Avenue	1101","N"
"Fenway North	1101","N"
"Fenway South	1101","N"
"Fern Place	1101","N"
"Ferris Place	1101","N"
"Field Place	1101","N"
"Fielding Street	1101","N"
"Fieldston Road	1101","N"
"Fillmore Street	1101","N"
"Findlay Avenue	1101","N"
"Fink Avenue	1101","N"
"Fish Avenue	1101","N"
"Fleet Court	1101","N"
"Fletcher Place	1101","N"
"Flint Avenue	1101","N"
"Folin Street	1101","N"
"Food Center Drive	1101","N"
"Food Center Road	1101","N"
"Food Drive	1101","N"
"Foote Avenue	1101","N"
"Ford Street	1101","N"
"Fordham Place	1101","N"
"Fordham Street	1101","N"
"Forest Avenue	1101","N"
"Forest Road	1101","N"
"Forster Place	1101","N"
"Fort Independence Street	1101","N"
"Fowler Avenue	1101","N"
"Fox Street	1101","N"
"Franklin Avenue	1101","N"
"Freeman Street	1101","N"
"Frisby Avenue	1101","N"
"Fteley Avenue	1101","N"
"Fuller Street	1101","N"
"Fulton Avenue	1101","N"
"Furman Avenue	1101","N"
"G Street	1101","N"
"Gabriel Drive	1101","N"
"Gale Place	1101","N"
"Garden Place	1101","N"
"Garden Street	1101","N"
"Garfield Street	1101","N"
"Garrett Place	1101","N"
"Garrison Avenue	1101","N"
"Gates Place	1101","N"
"George Place	1101","N"
"George Street	1101","N"
"Geranium Place	1101","N"
"Gerard Avenue	1101","N"
"Gerber Place	1101","N"
"Gertland Place	1101","N"
"Giegerich Place	1101","N"
"Gifford Avenue	1101","N"
"Gilbert Place	1101","N"
"Gildersleeve Avenue	1101","N"
"Giles Place	1101","N"
"Gillespie Avenue	1101","N"
"Givan Avenue	1101","N"
"Gleason Avenue	1101","N"
"Glebe Avenue	1101","N"
"Glennon Place	1101","N"
"Glover Avenue	1101","N"
"Glover Street	1101","N"
"Goble Place	1101","N"
"Good Place	1101","N"
"Goodridge Avenue	1101","N"
"Goulden Avenue	1101","N"
"Gouverneur Avenue	1101","N"
"Gouverneur Place	1101","N"
"Grace Avenue	1101","N"
"Graff Avenue	1101","N"
"Grand Avenue	1101","N"
"Grandview Place	1101","N"
"Grant Avenue	1101","N"
"Greene Place	1101","N"
"Grenada Place	1101","N"
"Greystone Avenue	1101","N"
"Grinnell Place	1101","N"
"Griswold Avenue	1101","N"
"Grosvenor Avenue	1101","N"
"Grote Street	1101","N"
"Guerlain Street	1101","N"
"Guion Place	1101","N"
"Gunther Avenue	1101","N"
"Hadley Avenue	1101","N"
"Haight Avenue	1101","N"
"Hall Place	1101","N"
"Halleck Street	1101","N"
"Halperin Avenue	1101","N"
"Halsey Street	1101","N"
"Hamilton Place	1101","N"
"Hammersley Avenue	1101","N"
"Hampden Place	1101","N"
"Hancock Avenue	1101","N"
"Harding Avenue	1101","N"
"Harper Avenue	1101","N"
"Harper Court	1101","N"
"Harrington Avenue	1101","N"
"Harrison Avenue	1101","N"
"Harrod Avenue	1101","N"
"Harrod Place	1101","N"
"Hart Street	1101","N"
"Haskin Street	1101","N"
"Hatting Place	1101","N"
"HAvenuemeyer Avenue	1101","N"
"Haviland Avenue	1101","N"
"Hawkins Street	1101","N"
"Hawkstone Street	1101","N"
"Hawthorne Avenue	1101","N"
"Hawthorne Drive	1101","N"
"Hawthorne Street	1101","N"
"Hazel Place	1101","N"
"Hazen Street	1101","N"
"Heath Avenue	1101","N"
"Heathcote Avenue	1101","N"
"Hegney Place	1101","N"
"Hennessy Place	1101","N"
"Henry Hudson Parkway	1101","N"
"Henry Hudson Parkway East	1101","N"
"Henry Hudson Parkway West	1101","N"
"Henwood Place	1101","N"
"Hering Avenue	1101","N"
"Herkimer Place	1101","N"
"Hermany Avenue	1101","N"
"Herschell Street	1101","N"
"Hewitt Place	1101","N"
"Hicks Street	1101","N"
"Hill Avenue	1101","N"
"Hillman Avenue	1101","N"
"Hobart Avenue	1101","N"
"Hoe Avenue	1101","N"
"Hoffman Street	1101","N"
"Holland Avenue	1101","N"
"Hollers Avenue	1101","N"
"Holly Place	1101","N"
"Hollywood Avenue	1101","N"
"Holt Place	1101","N"
"Home Street	1101","N"
"Homer Avenue	1101","N"
"Hone Avenue	1101","N"
"Honeywell Avenue	1101","N"
"Hornaday Place	1101","N"
"Horton Street	1101","N"
"Hosmer Avenue	1101","N"
"Houghton Avenue	1101","N"
"Howe Avenue	1101","N"
"Hoxie Street	1101","N"
"Hubbell Street	1101","N"
"Hughes Avenue	1101","N"
"Huguenot Avenue	1101","N"
"Hull Avenue	1101","N"
"Hunt Avenue	1101","N"
"Hunter Avenue	1101","N"
"Huntington Avenue	1101","N"
"Hunts Point Avenue	1101","N"
"Husson Avenue	1101","N"
"Hutchinson Avenue	1101","N"
"Hutchinson River Parkway	1101","N"
"Hutchinson River Parkway East	1101","N"
"Huxley Avenue	1101","N"
"Highway 9	1101","N"
"Hyatt Avenue	1101","N"
"I Street	1101","N"
"Independence Avenue	1101","N"
"Indian Road	1101","N"
"Industrial Street	1101","N"
"Intervale Avenue	1101","N"
"Inwood Avenue	1101","N"
"Irvine Street	1101","N"
"Irving Avenue	1101","N"
"Irving Place	1101","N"
"Irwin Avenue	1101","N"
"Iselin Avenue	1101","N"
"Ittner Place	1101","N"
"Ivy Place	1101","N"
"J Street	1101","N"
"Jackson Avenue	1101","N"
"Jarrett Place	1101","N"
"Jarvis Avenue	1101","N"
"Jasamine Place	1101","N"
"Jay Place	1101","N"
"Jefferson Place	1101","N"
"Jennings Street	1101","N"
"Jerome Avenue	1101","N"
"Jesup Avenue	1101","N"
"Jesup Place	1101","N"
"Johnson Avenue	1101","N"
"Johnson Street	1101","N"
"K Street	1101","N"
"Kappock Street	1101","N"
"Katonah Avenue	1101","N"
"Kearney Avenue	1101","N"
"Kelly Street	1101","N"
"Kennellworth Place	1101","N"
"Kepler Avenue	1101","N"
"Kilroe Street	1101","N"
"Kimball Avenue	1101","N"
"Kimberly Place	1101","N"
"King Avenue	1101","N"
"King Street	1101","N"
"Kingsbridge Avenue	1101","N"
"Kingsland Avenue	1101","N"
"Kinnear Place	1101","N"
"Kinsella Street	1101","N"
"Kipp Road	1101","N"
"Kirby Street	1101","N"
"Kirk Street	1101","N"
"Knapp Street	1101","N"
"Knox Place	1101","N"
"Kossuth Avenue	1101","N"
"L Street	1101","N"
"La Fontaine Avenue	1101","N"
"Lacombe Avenue	1101","N"
"Laconia Avenue	1101","N"
"Ladd Road	1101","N"
"Lafayette Avenue	1101","N"
"Lafontaine Avenue	1101","N"
"Lakeview Place	1101","N"
"Lakewood Place	1101","N"
"Lamport Place	1101","N"
"Landing Road	1101","N"
"Landscape Avenue	1101","N"
"Lane Avenue	1101","N"
"Lasalle Avenue	1101","N"
"Latting Street	1101","N"
"Laurel Drive	1101","N"
"Laurie Avenue	1101","N"
"Lawton Avenue	1101","N"
"Layton Avenue	1101","N"
"Lebanon Street	1101","N"
"Lee Avenue	1101","N"
"Lee Street	1101","N"
"Leeward Lane	1101","N"
"Leggett Avenue	1101","N"
"Leighton Avenue	1101","N"
"Leland Avenue	1101","N"
"Leroy Avenue	1101","N"
"Lester Street	1101","N"
"Libby Place	1101","N"
"Library Avenue	1101","N"
"Liebig Avenue	1101","N"
"Light Street	1101","N"
"Lighting Place	1101","N"
"Lincoln Avenue	1101","N"
"Linden Avenue	1101","N"
"Linden Drive	1101","N"
"Lisbon Place	1101","N"
"Livingston Avenue	1101","N"
"Locust Avenue	1101","N"
"Locust Point Drive	1101","N"
"Lodovick Avenue	1101","N"
"Logan Avenue	1101","N"
"Lohengrin Place	1101","N"
"Longfellow Avenue	1101","N"
"Longmeadow Road	1101","N"
"Longstreet Avenue	1101","N"
"Longwood Avenue	1101","N"
"Loomis Street	1101","N"
"Loop Road	1101","N"
"Lorillard Place	1101","N"
"Loring Place North	1101","N"
"Loring Place South	1101","N"
"Louis 9 Boulevard	1101","N"
"Lowell Street	1101","N"
"Lowerre Place	1101","N"
"Lucerne Street	1101","N"
"Lurting Avenue	1101","N"
"Lustre Street	1101","N"
"Lydig Avenue	1101","N"
"Lyman Place	1101","N"
"Lyon Avenue	1101","N"
"Lyvere Street	1101","N"
"Mac Donough Place	1101","N"
"Mac Questen Parkway North	1101","N"
"Mac Questen Parkway South	1101","N"
"Maccracken Avenue	1101","N"
"Mace Avenue	1101","N"
"Maclay Avenue	1101","N"
"Macombs Road	1101","N"
"Macy Place	1101","N"
"Magenta Street	1101","N"
"Magnolia Place	1101","N"
"Mahan Avenue	1101","N"
"Main Street	1101","N"
"Maitland Avenue	1101","N"
"Major Deegan Serv Road	1101","N"
"Manhattan College Parkway	1101","N"
"Manida Street	1101","N"
"Manning Street	1101","N"
"Manor Avenue	1101","N"
"Mansion Street	1101","N"
"Mapes Avenue	1101","N"
"Maple Avenue	1101","N"
"Maple Drive	1101","N"
"Maran Place	1101","N"
"Marcy Place	1101","N"
"Marina Drive	1101","N"
"Marine Street	1101","N"
"Marion Avenue	1101","N"
"Market Street	1101","N"
"Marmion Avenue	1101","N"
"Marolla Place	1101","N"
"Martha Avenue	1101","N"
"Marvin Place	1101","N"
"Matilda Avenue	1101","N"
"Matthews Avenue	1101","N"
"Mayflower Avenue	1101","N"
"Mc Donald Street	1101","N"
"Mc Owen Avenue	1101","N"
"Mcclellan Street	1101","N"
"Mcgraw Avenue	1101","N"
"Mclean Avenue	1101","N"
"Mead Street	1101","N"
"Meagher Avenue	1101","N"
"Melrose Avenue	1101","N"
"Melville Street	1101","N"
"Mercy College Place	1101","N"
"Merriam Avenue	1101","N"
"Merrill Street	1101","N"
"Merritt Avenue	1101","N"
"Merry Avenue	1101","N"
"Metcalf Avenue	1101","N"
"Metropolitan Av - Red Oak Drive	1101","N"
"Metropolitan Avenue	1101","N"
"Meyers Street	1101","N"
"Mickle Avenue	1101","N"
"Middletown Road	1101","N"
"Mildred Place	1101","N"
"Miles Avenue	1101","N"
"Milton Place	1101","N"
"Minerva Place	1101","N"
"Minford Place	1101","N"
"Minnieford Avenue	1101","N"
"Miriam Street	1101","N"
"Mitchell Place	1101","N"
"Mohegan Avenue	1101","N"
"Monroe Avenue	1101","N"
"Monroe Street	1101","N"
"Monsignor Halpin Place	1101","N"
"Monterey Avenue	1101","N"
"Montgomery Avenue	1101","N"
"Montgomery Place	1101","N"
"Monticello Avenue	1101","N"
"Morgan Avenue	1101","N"
"Morris Avenue	1101","N"
"Morris Park Avenue	1101","N"
"Morrison Avenue	1101","N"
"Morton Place	1101","N"
"Mosholu Avenue	1101","N"
"Mosholu Parkway	1101","N"
"Mosholu Parkway North	1101","N"
"Mosholu Parkway South	1101","N"
"Msgr Cahill Place	1101","N"
"Mt Eden Avenue	1101","N"
"Mt Eden Parkway	1101","N"
"Mt Hope Place	1101","N"
"Mt Street Ursula Place	1101","N"
"Mulford Avenue	1101","N"
"Muliner Avenue	1101","N"
"Mullan Place	1101","N"
"Mullen Place	1101","N"
"Mulvey Avenue	1101","N"
"Mundy Lane	1101","N"
"Murdock Avenue	1101","N"
"Murray Court	1101","N"
"North Chestnut Drive	1101","N"
"North Oak Drive	1101","N"
"Napier Avenue	1101","N"
"Narragansett Avenue	1101","N"
"Needham Avenue	1101","N"
"Neill Avenue	1101","N"
"Nelson Avenue	1101","N"
"Neptune Court	1101","N"
"Neptune Lane	1101","N"
"Nereid Avenue	1101","N"
"Netherland Avenue	1101","N"
"Newbold Avenue	1101","N"
"Newman Avenue	1101","N"
"Newport Avenue	1101","N"
"Niell Avenue	1101","N"
"Noble Avenue	1101","N"
"Noell Avenue	1101","N"
"North Street	1101","N"
"Norton Avenue	1101","N"
"Nuvern Avenue	1101","N"
"Ny Orphan Aym Road	1101","N"
"Oak Avenue	1101","N"
"Oak Lane	1101","N"
"Oak Point Avenue	1101","N"
"Oak Tree Place	1101","N"
"Oakland Place	1101","N"
"Oakley Street	1101","N"
"Obrien Avenue	1101","N"
"Odell Street	1101","N"
"Ogden Avenue	1101","N"
"Ohm Avenue	1101","N"
"Old Albany Post Road	1101","N"
"Old Jerome Avenue	1101","N"
"Old Kingsbridge Road	1101","N"
"Old White Plains Road	1101","N"
"Olinville Avenue	1101","N"
"Oliver Place	1101","N"
"Olmstead Avenue	1101","N"
"Oneida Avenue	1101","N"
"Oneill Place	1101","N"
"Orchard Beach Road	1101","N"
"Orloff Avenue	1101","N"
"Osbourne Place	1101","N"
"Osgood Street	1101","N"
"Osman Place	1101","N"
"Otis Avenue	1101","N"
"Outlook Avenue	1101","N"
"Overing Street	1101","N"
"Oxford Avenue	1101","N"
"P Street	1101","N"
"Paine Street	1101","N"
"Palisade Avenue	1101","N"
"Palisade Place	1101","N"
"Palmer Avenue	1101","N"
"Park Avenue	1101","N"
"Park Drive	1101","N"
"Park Lane	1101","N"
"Parkchester Road	1101","N"
"Parker Street	1101","N"
"Parkside Place	1101","N"
"Parkview Avenue	1101","N"
"Parkway North	1101","N"
"Parsifal Place	1101","N"
"Patterson Avenue	1101","N"
"Paul Avenue	1101","N"
"Paulding Avenue	1101","N"
"Paulis Place	1101","N"
"Pawnee Place	1101","N"
"Peace Street	1101","N"
"Pearl Street	1101","N"
"Pearsall Avenue	1101","N"
"Peartree Avenue	1101","N"
"Pelham Bay Park West	1101","N"
"Pelham Bridge Road	1101","N"
"Pelham Parkway - Eastchester Road	1101","N"
"Pelham Parkway North	1101","N"
"Pelham Parkway South	1101","N"
"Pelham Prkw. South ../../view.php?place=Pelham Prkw. South #1a	1101","N"
"Pell Place	1101","N"
"Penfield Street	1101","N"
"Pennyfield Avenue	1101","N"
"Perot Street	1101","N"
"Perry Avenue	1101","N"
"Peters Place	1101","N"
"Phelan Place	1101","N"
"Philip Avenue	1101","N"
"Pierce Avenue	1101","N"
"Pilgrim Avenue	1101","N"
"Pilot Street	1101","N"
"Pinchot Place	1101","N"
"Pine Drive	1101","N"
"Pinkney Avenue	1101","N"
"Pitman Avenue	1101","N"
"Plaza Place	1101","N"
"Plimpton Avenue	1101","N"
"Plymouth Avenue	1101","N"
"Poe Place	1101","N"
"Polo Place	1101","N"
"Pond Place	1101","N"
"Pontiac Place	1101","N"
"Ponton Avenue	1101","N"
"Popham Avenue	1101","N"
"Poplar Avenue	1101","N"
"Poplar Street	1101","N"
"Post Road	1101","N"
"Powell Avenue	1101","N"
"Powers Avenue	1101","N"
"Pratt Avenue	1101","N"
"Prentiss Avenue	1101","N"
"Priory Lane	1101","N"
"Prospect Avenue	1101","N"
"Prospect Place	1101","N"
"Provost Avenue	1101","N"
"Pugsley Avenue	1101","N"
"Purdy Street	1101","N"
"Puritan Avenue	1101","N"
"Putnam Avenue West	1101","N"
"Putnam Place	1101","N"
"Q Street	1101","N"
"Quarry Road	1101","N"
"Quimby Avenue	1101","N"
"Quincy Avenue	1101","N"
"R Street	1101","N"
"Radcliff Avenue	1101","N"
"Radio Drive	1101","N"
"Rae Street	1101","N"
"Randall Avenue	1101","N"
"Randolph Place	1101","N"
"Rawlins Avenue	1101","N"
"Redwood Oak Drive	1101","N"
"Reed Place	1101","N"
"Reeds Mill Lane	1101","N"
"Regina Place	1101","N"
"Reiss Place	1101","N"
"Research Avenue	1101","N"
"Reservoir Avenue	1101","N"
"Reservoir Oval East	1101","N"
"Reservoir Oval West	1101","N"
"Reservoir Place	1101","N"
"Rev James A Polite Avenue	1101","N"
"Revere Avenue	1101","N"
"Review Place	1101","N"
"Reville Street	1101","N"
"Reynold Street	1101","N"
"Reynolds Avenue	1101","N"
"Rhinelander Avenue	1101","N"
"Richardson Avenue	1101","N"
"Rider Avenue	1101","N"
"Ridge Place	1101","N"
"Ritter Place	1101","N"
"River Avenue	1101","N"
"River Crest Road	1101","N"
"River Road	1101","N"
"Rivercrest Road	1101","N"
"Riverdale Avenue	1101","N"
"Roberts Avenue	1101","N"
"Robertson Place	1101","N"
"Robertson Street	1101","N"
"Robinson Avenue	1101","N"
"Rochambeau Avenue	1101","N"
"Rochelle Street	1101","N"
"Rockledge Avenue	1101","N"
"Rockwood Street	1101","N"
"Rodman Place	1101","N"
"Roebling Avenue	1101","N"
"Rogers Place	1101","N"
"Rohr Place	1101","N"
"Rombouts Avenue	1101","N"
"Roosevelt Avenue	1101","N"
"Roosevelt Place	1101","N"
"Ropes Avenue	1101","N"
"Rose Feiss Boulevard	1101","N"
"Rosedale Avenue	1101","N"
"Roselle Street	1101","N"
"Rosewood Street	1101","N"
"Rowe Street	1101","N"
"Rowland Street	1101","N"
"Rudd Place	1101","N"
"Ryawa Avenue	1101","N"
"Ryer Avenue	1101","N"
"South Devoe Avenue	1101","N"
"South Macquesten Parkway	1101","N"
"South Oak Drive	1101","N"
"South Southern Boulevard	1101","N"
"Sackett Avenue	1101","N"
"Sagamore Street	1101","N"
"Sampson Avenue	1101","N"
"Sands Place	1101","N"
"Saratoga Avenue	1101","N"
"Saxon Avenue	1101","N"
"Scenic Place	1101","N"
"Schieffelin Avenue	1101","N"
"Schieffelin Place	1101","N"
"Schley Avenue	1101","N"
"Schofield Street	1101","N"
"Schorr Place	1101","N"
"Schurz Avenue	1101","N"
"Schuyler Place	1101","N"
"Scott Place	1101","N"
"Screvin Avenue	1101","N"
"Seabury Avenue	1101","N"
"Seabury Place	1101","N"
"Secor Avenue	1101","N"
"Seddon Street	1101","N"
"Sedgewick Avenue	1101","N"
"Sedgwick Avenue	1101","N"
"Selwyn Avenue	1101","N"
"Seminole Avenue	1101","N"
"Seminole Street	1101","N"
"Seneca Avenue	1101","N"
"Senger Place	1101","N"
"Seton Avenue	1101","N"
"Seward Avenue	1101","N"
"Sexton Place	1101","N"
"Seymour Avenue	1101","N"
"Shakespeare Avenue	1101","N"
"Sheridan Avenue	1101","N"
"Sheriff South Byrd Place	1101","N"
"Sherman Avenue	1101","N"
"Shore Drive	1101","N"
"Shore Road	1101","N"
"Shrady Place	1101","N"
"Siegfried Place	1101","N"
"Sigma Place	1101","N"
"Silver Beach Place	1101","N"
"Silver Street	1101","N"
"Simpson Street	1101","N"
"Sommer Place	1101","N"
"Soundview Avenue	1101","N"
"South Street	1101","N"
"Southern Boulevard	1101","N"
"Spaulding Lane	1101","N"
"Spencer Avenue	1101","N"
"Spencer Drive	1101","N"
"Spencer Place	1101","N"
"Split Rock Road	1101","N"
"Splitrock Road	1101","N"
"Spofford Avenue	1101","N"
"Spring Road	1101","N"
"Street Ann's Place	1101","N"
"Street Anns Avenue	1101","N"
"Street Barnabas Place	1101","N"
"Street Georges Crescent	1101","N"
"Street Joseph's Way	1101","N"
"Street Lawrence Avenue	1101","N"
"Street Marks Place	1101","N"
"Street Marys Street	1101","N"
"Street Ouen Street	1101","N"
"Street Pauls Avenue	1101","N"
"Street Pauls Place	1101","N"
"Street Peters Avenue	1101","N"
"Street Raymonds Avenue	1101","N"
"Street Theresa Avenue	1101","N"
"Stadium Avenue	1101","N"
"Stanton Court	1101","N"
"Starboard Court	1101","N"
"Starling Avenue	1101","N"
"Stearns Street	1101","N"
"Stebbins Avenue	1101","N"
"Stedman Place	1101","N"
"Steenwick Avenue	1101","N"
"Stell Place	1101","N"
"Step Street	1101","N"
"Stephens Avenue	1101","N"
"Sterling Avenue	1101","N"
"Steuben Avenue	1101","N"
"Stevens Place	1101","N"
"Stevenson Place	1101","N"
"Stickball Boulevard	1101","N"
"Stickney Place	1101","N"
"Stillwell Avenue	1101","N"
"Story Avenue	1101","N"
"Strang Avenue	1101","N"
"Stratford Avenue	1101","N"
"Strong Street	1101","N"
"Suburban Place	1101","N"
"Sullivan Place	1101","N"
"Summit Avenue	1101","N"
"Summit Place	1101","N"
"Sunset Boulevard	1101","N"
"Surf Drive	1101","N"
"Sutherland Street	1101","N"
"Swinton Avenue	1101","N"
"Sycamore Avenue	1101","N"
"Sycamore Drive	1101","N"
"Sylvan Avenue	1101","N"
"T Street	1101","N"
"Tan Place	1101","N"
"Taylor Avenue	1101","N"
"Teller Avenue	1101","N"
"Tenbroeck Avenue	1101","N"
"Tenney Place	1101","N"
"Terrace Place	1101","N"
"Terrace Street	1101","N"
"Thieriot Avenue	1101","N"
"Thorns Lane	1101","N"
"Throggs Neck Boulevard	1101","N"
"Throgmorton Avenue	1101","N"
"Throop Avenue	1101","N"
"Thwaites Place	1101","N"
"Tibbett Avenue	1101","N"
"Tibbetts Road	1101","N"
"Tiebout Avenue	1101","N"
"Tiemann Avenue	1101","N"
"Tier Street	1101","N"
"Tierney Place	1101","N"
"Tiffany Street	1101","N"
"Tilden Street	1101","N"
"Tillotson Avenue	1101","N"
"Timpson Place	1101","N"
"Tinton Avenue	1101","N"
"Tomlinson Avenue	1101","N"
"Topping Avenue	1101","N"
"Torry Avenue	1101","N"
"Townsend Avenue	1101","N"
"Trafalgar Place	1101","N"
"Tratman Avenue	1101","N"
"Trinity Avenue	1101","N"
"Truxton Street	1101","N"
"Tryon Avenue	1101","N"
"Tudor Place	1101","N"
"Turnbull Avenue	1101","N"
"Turneur Avenue	1101","N"
"Tyndall Avenue	1101","N"
"U Street	1101","N"
"Undercliff Avenue	1101","N"
"Underhill Avenue	1101","N"
"Union Avenue	1101","N"
"Unionport Road	1101","N"
"University Avenue	1101","N"
"Valentine Avenue	1101","N"
"Valhalla Drive	1101","N"
"Valles Avenue	1101","N"
"Van Buren Street	1101","N"
"Van Cortlandt Avenue East	1101","N"
"Van Cortlandt Avenue West	1101","N"
"Van Cortlandt Park Avenue	1101","N"
"Van Cortlandt Park East	1101","N"
"Van Cortlandt Park South	1101","N"
"Van Hoesen Avenue	1101","N"
"Van Nest Avenue	1101","N"
"Vance Street	1101","N"
"Varian Avenue	1101","N"
"Victor Street	1101","N"
"Viele Avenue	1101","N"
"Villa Avenue	1101","N"
"Vincent Avenue	1101","N"
"Vireo Avenue	1101","N"
"Virgil Place	1101","N"
"Virginia Avenue	1101","N"
"Vista Place	1101","N"
"Vreeland Avenue	1101","N"
"Vyse Avenue	1101","N"
"West 161st Street	1101","N"
"West 162nd Street	1101","N"
"West 163rd Street	1101","N"
"West 164th Street	1101","N"
"West 165th Street	1101","N"
"West 166th Street	1101","N"
"West 167th Street	1101","N"
"West 168th Street	1101","N"
"West 169th Street	1101","N"
"West 170th Street	1101","N"
"West 171st Street	1101","N"
"West 172nd Street	1101","N"
"West 174th Street	1101","N"
"West 175th Street	1101","N"
"West 176th Street	1101","N"
"West 177th Street	1101","N"
"West 179th Street	1101","N"
"West 180th Street	1101","N"
"West 181st Street	1101","N"
"West 182nd Street	1101","N"
"West 183rd Street	1101","N"
"West 184th Street	1101","N"
"West 188th Street	1101","N"
"West 190th Street	1101","N"
"West 192nd Street	1101","N"
"West 193rd Street	1101","N"
"West 195th Street	1101","N"
"West 197th Street	1101","N"
"West 205th Street	1101","N"
"West 229th Street	1101","N"
"West 230th Street	1101","N"
"West 231st Street	1101","N"
"West 232nd Street	1101","N"
"West 233rd Street	1101","N"
"West 234th Street	1101","N"
"West 235th Street	1101","N"
"West 236th Street	1101","N"
"West 237th Street	1101","N"
"West 238th Street	1101","N"
"West 239th Street	1101","N"
"West 240th Street	1101","N"
"West 242nd Street	1101","N"
"West 244th Street	1101","N"
"West 245th Street	1101","N"
"West 246th Street	1101","N"
"West 247th Street	1101","N"
"West 249th Street	1101","N"
"West 250th Street	1101","N"
"West 251st Street	1101","N"
"West 252nd Street	1101","N"
"West 253rd Street	1101","N"
"West 254th Street	1101","N"
"West 255th Street	1101","N"
"West 256th Street	1101","N"
"West 258th Street	1101","N"
"West 259th Street	1101","N"
"West 260th Street	1101","N"
"West 261st Street	1101","N"
"West 262nd Street	1101","N"
"West 263rd Street	1101","N"
"West Burnside Avenue	1101","N"
"West Delano Avenue	1101","N"
"West Farms Road	1101","N"
"West Farms Square Plaza	1101","N"
"West Fordham Road	1101","N"
"West Gun Hill Road	1101","N"
"West Kingsbridge Road	1101","N"
"West Mosholu Parkway North	1101","N"
"West Mosholu Parkway South	1101","N"
"West Tremont Avenue	1101","N"
"Wakefield Avenue	1101","N"
"Waldo Avenue	1101","N"
"Wales Avenue	1101","N"
"Wallace Avenue	1101","N"
"Walnut Avenue	1101","N"
"Walton Avenue	1101","N"
"Ward Avenue	1101","N"
"Waring Avenue	1101","N"
"Washington Avenue	1101","N"
"Washington Boulevard	1101","N"
"Waterbury Avenue	1101","N"
"Waterloo Place	1101","N"
"Waters Avenue	1101","N"
"Waters Place	1101","N"
"Watson Avenue	1101","N"
"Watt Avenue	1101","N"
"WAvenuehill Driveway	1101","N"
"Wayne Avenue	1101","N"
"Wchester Avenue	1101","N"
"Webb Avenue	1101","N"
"Webster Avenue	1101","N"
"Weeks Avenue	1101","N"
"Weiher Court	1101","N"
"Wellesley Avenue	1101","N"
"Wellman Avenue	1101","N"
"Wenner Place	1101","N"
"West Avenue	1101","N"
"West Street	1101","N"
"Westchester Avenue	1101","N"
"Westervelt Avenue	1101","N"
"Whalen Avenue	1101","N"
"Wheeler Avenue	1101","N"
"White Plains Road	1101","N"
"Whitehall Place	1101","N"
"Whitlock Avenue	1101","N"
"Whittemore Avenue	1101","N"
"Whittier Street	1101","N"
"Wickham Avenue	1101","N"
"Wilcox Avenue	1101","N"
"Wilder Avenue	1101","N"
"Wildwood Avenue	1101","N"
"Wilkins Avenue	1101","N"
"Wilkinson Avenue	1101","N"
"Willett Avenue	1101","N"
"William Avenue	1101","N"
"William Place	1101","N"
"Williamsbridge Road	1101","N"
"Willis Avenue	1101","N"
"Willow Avenue	1101","N"
"Willow Lane	1101","N"
"Wilson Avenue	1101","N"
"Windsor Place	1101","N"
"Windward Lane	1101","N"
"Winters Street	1101","N"
"Wissman Avenue	1101","N"
"Wood Avenue	1101","N"
"Wood Road	1101","N"
"Woodhull Avenue	1101","N"
"Woodlawn Avenue	1101","N"
"Woodmansten Place	1101","N"
"Woodycrest Avenue	1101","N"
"Worthen Street	1101","N"
"Wright Avenue	1101","N"
"Wyatt Street	1101","N"
"Wythe Place	1101","N"
"X Street	1101","N"
"Yates Avenue	1101","N"
"Young Avenue	1101","N"
"Yznaga Place	1101","N"
"Zerega Avenue	1101","N"
"Zulette Avenue	1101","N"
