"COL1","COL2"
"Franklin Ave	1101","N"
"Lawrence St	1101","N"
"Orange St	1101","N"
"Richmond St	1101","N"
"S Myrtle Ave	1101","N"
"100th St	1101","N"
"101st Ave	1101","N"
"101st St	1101","N"
"10th Ave	1101","N"
"10th St	1101","N"
"11th Ave	1101","N"
"11th St	1101","N"
"12th Ave	1101","N"
"12th St	1101","N"
"13th Ave	1101","N"
"13th St	1101","N"
"14th Ave	1101","N"
"14th St	1101","N"
"155th Ave	1101","N"
"15th Ave	1101","N"
"15th St	1101","N"
"16th Ave	1101","N"
"16th St	1101","N"
"17th Ave	1101","N"
"17th Ct	1101","N"
"17th St	1101","N"
"18th Ave	1101","N"
"18th St	1101","N"
"19th Ave	1101","N"
"19th Ln	1101","N"
"19th St	1101","N"
"1st Ave	1101","N"
"1st Ct	1101","N"
"1st Pl	1101","N"
"1st St	1101","N"
"20th Ave	1101","N"
"20th Dr	1101","N"
"20th Ln	1101","N"
"20th St	1101","N"
"21st Ave	1101","N"
"21st Dr	1101","N"
"21st St	1101","N"
"22nd Ave	1101","N"
"22nd St	1101","N"
"23rd Ave	1101","N"
"23rd St	1101","N"
"24th Ave	1101","N"
"24th St	1101","N"
"25th Ave	1101","N"
"25th St	1101","N"
"26th Ave	1101","N"
"26th St	1101","N"
"27th Ave	1101","N"
"27th St	1101","N"
"28th Ave	1101","N"
"28th St	1101","N"
"29th St	1101","N"
"2nd Ave	1101","N"
"2nd Pl	1101","N"
"2nd St	1101","N"
"30th St	1101","N"
"31st St	1101","N"
"32nd St	1101","N"
"33rd St	1101","N"
"34th St	1101","N"
"35th St	1101","N"
"36th St	1101","N"
"37th St	1101","N"
"38th St	1101","N"
"39th St	1101","N"
"3rd Ave	1101","N"
"3rd Pl	1101","N"
"3rd St	1101","N"
"40th St	1101","N"
"41st St	1101","N"
"42nd St	1101","N"
"43rd St	1101","N"
"44th St	1101","N"
"45th St	1101","N"
"46th St	1101","N"
"47th St	1101","N"
"48th St	1101","N"
"49th St	1101","N"
"4th Ave	1101","N"
"4th Pl	1101","N"
"4th St	1101","N"
"50th St	1101","N"
"51st St	1101","N"
"52nd St	1101","N"
"53rd St	1101","N"
"54th St	1101","N"
"55th St	1101","N"
"56th Dr	1101","N"
"56th St	1101","N"
"57th St	1101","N"
"58th St	1101","N"
"59th St	1101","N"
"5th Ave	1101","N"
"5th St	1101","N"
"60th St	1101","N"
"61st St	1101","N"
"62nd St	1101","N"
"63rd St	1101","N"
"64th St	1101","N"
"65th St	1101","N"
"66th St	1101","N"
"67th St	1101","N"
"68th St	1101","N"
"69th St	1101","N"
"6th Ave	1101","N"
"6th St	1101","N"
"70th St	1101","N"
"71st St	1101","N"
"72nd Ct	1101","N"
"72nd St	1101","N"
"73rd St	1101","N"
"74th St	1101","N"
"76th St	1101","N"
"77th St	1101","N"
"78th St	1101","N"
"79th St	1101","N"
"7th Ave	1101","N"
"7th St	1101","N"
"80th St	1101","N"
"81st St	1101","N"
"82nd St	1101","N"
"83rd St	1101","N"
"84th St	1101","N"
"85th St	1101","N"
"86th St	1101","N"
"87th St	1101","N"
"88th St	1101","N"
"89th St	1101","N"
"8th Ave	1101","N"
"8th St	1101","N"
"90th St	1101","N"
"91st St	1101","N"
"92nd St	1101","N"
"93rd St	1101","N"
"94th St	1101","N"
"95th St	1101","N"
"96th St	1101","N"
"97th St	1101","N"
"98th St	1101","N"
"99th St	1101","N"
"9th Ave	1101","N"
"9th St	1101","N"
"Abbey Ct	1101","N"
"Aberdeen St	1101","N"
"Academy Park Pl	1101","N"
"Adams St	1101","N"
"Adelphi St	1101","N"
"Adler Pl	1101","N"
"Agate Ct	1101","N"
"Ainslie St	1101","N"
"Aitken Pl	1101","N"
"Alabama Ave	1101","N"
"Albany Ave	1101","N"
"Albee Square	1101","N"
"Albemarle Rd	1101","N"
"Albemarle Terrace	1101","N"
"Alice Ct	1101","N"
"Allen Ave	1101","N"
"Alton Pl	1101","N"
"Amber St	1101","N"
"Amboy St	1101","N"
"Amersfort Pl	1101","N"
"Amherst St	1101","N"
"Amity St	1101","N"
"Anchorage Pl	1101","N"
"Angela Dr	1101","N"
"Anna Ct	1101","N"
"Anthony St	1101","N"
"Apollo St	1101","N"
"Applegate Ct	1101","N"
"Ardsley Loop	1101","N"
"Argyle Rd	1101","N"
"Arion Pl	1101","N"
"Arkansas Dr	1101","N"
"Arlington Ave	1101","N"
"Arlington Pl	1101","N"
"Ash St	1101","N"
"Ashford St	1101","N"
"Ashland Pl	1101","N"
"Assembly Rd	1101","N"
"Aster Ct	1101","N"
"Astor Ct	1101","N"
"Athlone Ct	1101","N"
"Atkins Ave	1101","N"
"Atlantic Ave	1101","N"
"Atlantic Commons	1101","N"
"Atwater Ct	1101","N"
"Auburn Pl	1101","N"
"Aurelia Ct	1101","N"
"Autumn Ave	1101","N"
"Autumn Ln	1101","N"
"Avenue A	1101","N"
"Avenue B	1101","N"
"Avenue C	1101","N"
"Avenue D	1101","N"
"Avenue F	1101","N"
"Avenue H	1101","N"
"Avenue I	1101","N"
"Avenue J	1101","N"
"Avenue K	1101","N"
"Avenue L	1101","N"
"Avenue M	1101","N"
"Avenue N	1101","N"
"Avenue O	1101","N"
"Avenue P	1101","N"
"Avenue Q	1101","N"
"Avenue R	1101","N"
"Avenue S	1101","N"
"Avenue T	1101","N"
"Avenue U	1101","N"
"Avenue V	1101","N"
"Avenue W	1101","N"
"Avenue X	1101","N"
"Avenue Y	1101","N"
"Avenue Z	1101","N"
"Aviation Rd	1101","N"
"Bainbridge St	1101","N"
"Balfour Pl	1101","N"
"Baltic St	1101","N"
"Bancroft Pl	1101","N"
"Bank St	1101","N"
"Banker St	1101","N"
"Banner 3rd Rd	1101","N"
"Banner 3rd Terrace	1101","N"
"Banner Ave	1101","N"
"Barberry Ct	1101","N"
"Barbey St	1101","N"
"Barlow Dr N	1101","N"
"Barlow Dr S	1101","N"
"Bartlett Pl	1101","N"
"Bartlett St	1101","N"
"Barwell Terrace	1101","N"
"Bassett Ave	1101","N"
"Bassett Walk	1101","N"
"Batchelder St	1101","N"
"Bath Ave	1101","N"
"Battery Ave	1101","N"
"Baughman Pl	1101","N"
"Bay 10th St	1101","N"
"Bay 11th St	1101","N"
"Bay 13th St	1101","N"
"Bay 14th St	1101","N"
"Bay 16th St	1101","N"
"Bay 17th St	1101","N"
"Bay 19th St	1101","N"
"Bay 20th St	1101","N"
"Bay 22nd St	1101","N"
"Bay 23rd St	1101","N"
"Bay 25th St	1101","N"
"Bay 26th St	1101","N"
"Bay 28th St	1101","N"
"Bay 29th St	1101","N"
"Bay 31st St	1101","N"
"Bay 32nd St	1101","N"
"Bay 34th St	1101","N"
"Bay 35th St	1101","N"
"Bay 37th St	1101","N"
"Bay 38th St	1101","N"
"Bay 40th St	1101","N"
"Bay 41st St	1101","N"
"Bay 43rd St	1101","N"
"Bay 44th St	1101","N"
"Bay 46th St	1101","N"
"Bay 47th St	1101","N"
"Bay 48th St	1101","N"
"Bay 49th St	1101","N"
"Bay 50th St	1101","N"
"Bay 52nd St	1101","N"
"Bay 53rd St	1101","N"
"Bay 54th St	1101","N"
"Bay 7th St	1101","N"
"Bay 8th St	1101","N"
"Bay Ave	1101","N"
"Bay Cliff Terrace	1101","N"
"Bay Ct	1101","N"
"Bay Pkwy	1101","N"
"Bay Ridge Ave	1101","N"
"Bay Ridge Pkwy	1101","N"
"Bay Ridge Pl	1101","N"
"Bay St	1101","N"
"Bay View Ct	1101","N"
"Bayard St	1101","N"
"Bayview Ave	1101","N"
"Bayview Pl	1101","N"
"Beach 37th St	1101","N"
"Beach 38th St	1101","N"
"Beach 40th St	1101","N"
"Beach 42nd St	1101","N"
"Beach 43rd St	1101","N"
"Beach 44th St	1101","N"
"Beach 45th St	1101","N"
"Beach 46th St	1101","N"
"Beach 47th St	1101","N"
"Beach 48th St	1101","N"
"Beach 49th St	1101","N"
"Beach 50th St	1101","N"
"Beach 51st St	1101","N"
"Beach Pl	1101","N"
"Beach Reservation	1101","N"
"Beach Walk	1101","N"
"Beacon Ct	1101","N"
"Beadel St	1101","N"
"Beard St	1101","N"
"Beaumont St	1101","N"
"Beaver St	1101","N"
"Beayer Pl	1101","N"
"Bedell Ln	1101","N"
"Bedford Ave	1101","N"
"Bedford Pl	1101","N"
"Beekman Pl	1101","N"
"Belt Pkwy	1101","N"
"Belvidere St	1101","N"
"Bennet Ct	1101","N"
"Benson Ave	1101","N"
"Bergen Ave	1101","N"
"Bergen Beach Pl	1101","N"
"Bergen Cove	1101","N"
"Bergen Ct	1101","N"
"Bergen Pl	1101","N"
"Bergen St	1101","N"
"Berkeley Pl	1101","N"
"Berriman St	1101","N"
"Berry St	1101","N"
"Bethel Loop	1101","N"
"Beverley Rd	1101","N"
"Beverly Rd	1101","N"
"Bevy Ct	1101","N"
"Bijou Ave	1101","N"
"Billings Pl	1101","N"
"Bills Pl	1101","N"
"Blake Ave	1101","N"
"Blake Ct	1101","N"
"Bleecker St	1101","N"
"Bliss Terrace	1101","N"
"Boardwalk	1101","N"
"Boardwalk E	1101","N"
"Boardwalk W	1101","N"
"Boat Ave	1101","N"
"Boerum Pl	1101","N"
"Boerum St	1101","N"
"Bogart St	1101","N"
"Bokee Ct	1101","N"
"Bond St	1101","N"
"Borinquen Pl	1101","N"
"Bouck Ct	1101","N"
"Boulevard Ct	1101","N"
"Bowery St	1101","N"
"Bowne St	1101","N"
"Box St	1101","N"
"Boynton Pl	1101","N"
"Bradford St	1101","N"
"Bragg Ct	1101","N"
"Bragg St	1101","N"
"Branton St	1101","N"
"Brevoort Pl	1101","N"
"Bridge Plaza Ct	1101","N"
"Bridge St	1101","N"
"Bridgewater St	1101","N"
"Brigham St	1101","N"
"Brighton 1 Path	1101","N"
"Brighton 10th Ct	1101","N"
"Brighton 10th Ln	1101","N"
"Brighton 10th Path	1101","N"
"Brighton 10th St	1101","N"
"Brighton 10th Terrace	1101","N"
"Brighton 11 St	1101","N"
"Brighton 12th St	1101","N"
"Brighton 13th St	1101","N"
"Brighton 14th St	1101","N"
"Brighton 15th St	1101","N"
"Brighton 1st Ct	1101","N"
"Brighton 1st Ln	1101","N"
"Brighton 1st Path	1101","N"
"Brighton 1st Pl	1101","N"
"Brighton 1st Rd	1101","N"
"Brighton 1st St	1101","N"
"Brighton 1st Terrace	1101","N"
"Brighton 1st Walk	1101","N"
"Brighton 2 Path	1101","N"
"Brighton 2nd Ln	1101","N"
"Brighton 2nd Pl	1101","N"
"Brighton 2nd St	1101","N"
"Brighton 2nd Walk	1101","N"
"Brighton 3rd Ct	1101","N"
"Brighton 3rd Ln	1101","N"
"Brighton 3rd Pl	1101","N"
"Brighton 3rd Rd	1101","N"
"Brighton 3rd St	1101","N"
"Brighton 3rd Walk	1101","N"
"Brighton 4th Ct	1101","N"
"Brighton 4th Ln	1101","N"
"Brighton 4th Pl	1101","N"
"Brighton 4th Rd	1101","N"
"Brighton 4th St	1101","N"
"Brighton 4th Terrace	1101","N"
"Brighton 4th Walk	1101","N"
"Brighton 5th Ct	1101","N"
"Brighton 5th Ln	1101","N"
"Brighton 5th Pl	1101","N"
"Brighton 5th St	1101","N"
"Brighton 5th Walk	1101","N"
"Brighton 6th Ct	1101","N"
"Brighton 6th St	1101","N"
"Brighton 7th Ct	1101","N"
"Brighton 7th Ln	1101","N"
"Brighton 7th St	1101","N"
"Brighton 7th Walk	1101","N"
"Brighton 8th Ct	1101","N"
"Brighton 8th Ln	1101","N"
"Brighton 8th Pl	1101","N"
"Brighton 8th St	1101","N"
"Brighton Beach Ave	1101","N"
"Brighton Ct	1101","N"
"Brightwater Ave	1101","N"
"Brightwater Ct	1101","N"
"Bristol St	1101","N"
"Broadway	1101","N"
"Brookdale Plaza	1101","N"
"Brooklyn Battery Tunnel	1101","N"
"Brooklyn Bridge	1101","N"
"Brooklyn Queens Expy	1101","N"
"Brooklyn Rd	1101","N"
"Broome St	1101","N"
"Brown St	1101","N"
"Bryant St	1101","N"
"Buffalo Ave	1101","N"
"Bulwer Pl	1101","N"
"Burnett St	1101","N"
"Bush St	1101","N"
"Bushwick Ave	1101","N"
"Bushwick Ct	1101","N"
"Bushwick Pl	1101","N"
"Butler Pl	1101","N"
"Butler St	1101","N"
"Cadman Plaza E	1101","N"
"Cadman Plaza W	1101","N"
"Calder Pl	1101","N"
"Calhoun St	1101","N"
"Calyer St	1101","N"
"Cambridge Pl	1101","N"
"Cameron Ct	1101","N"
"Campus Pl	1101","N"
"Campus Rd	1101","N"
"Canal Ave	1101","N"
"Canarsie Ln	1101","N"
"Canarsie Rd	1101","N"
"Canda Ave	1101","N"
"Canton Ct	1101","N"
"Carlton Ave	1101","N"
"Cary Ct	1101","N"
"Cass Pl	1101","N"
"Cathedral Pl	1101","N"
"Catherine St	1101","N"
"Caton Ave	1101","N"
"Caton Pl	1101","N"
"Cedar St	1101","N"
"Celeste Ct	1101","N"
"Center Dr	1101","N"
"Center Market St	1101","N"
"Central Ave	1101","N"
"Central Dr	1101","N"
"Centre Mall	1101","N"
"Centre St	1101","N"
"Channel Ave	1101","N"
"Chapel St	1101","N"
"Charles Pl	1101","N"
"Chase Ct	1101","N"
"Chauncey Ave	1101","N"
"Chauncey St	1101","N"
"Cheever Pl	1101","N"
"Cherry St	1101","N"
"Chester Ave	1101","N"
"Chester Ct	1101","N"
"Chester St	1101","N"
"Chestnut Ave	1101","N"
"Chestnut St	1101","N"
"Christopher Ave	1101","N"
"Church Ave	1101","N"
"Church Ln	1101","N"
"Clara St	1101","N"
"Clarendon Rd	1101","N"
"Clark St	1101","N"
"Clarkson Ave	1101","N"
"Classon Ave	1101","N"
"Claver Pl	1101","N"
"Clay St	1101","N"
"Clermont Ave	1101","N"
"Cleveland St	1101","N"
"Clifford Pl	1101","N"
"Clifton Pl	1101","N"
"Clinton Ave	1101","N"
"Clinton St	1101","N"
"Clinton Wharf	1101","N"
"Clove Rd	1101","N"
"Clymer St	1101","N"
"Cobek Ct	1101","N"
"Coffey St	1101","N"
"Colby Ct	1101","N"
"Coleman St	1101","N"
"Coleridge St	1101","N"
"Coles St	1101","N"
"Colin Pl	1101","N"
"College Pl	1101","N"
"Colonial Ct	1101","N"
"Colonial Gardens	1101","N"
"Colonial Rd	1101","N"
"Columbia Heights	1101","N"
"Columbia Pl	1101","N"
"Columbia St	1101","N"
"Columbus Pl	1101","N"
"Commerce St	1101","N"
"Commercial St	1101","N"
"Commercial Wharf	1101","N"
"Concord St	1101","N"
"Coney Island Ave	1101","N"
"Congress St	1101","N"
"Conklin Ave	1101","N"
"Conover St	1101","N"
"Conselyea St	1101","N"
"Conway St	1101","N"
"Cook St	1101","N"
"Cooke Ct	1101","N"
"Cooper St	1101","N"
"Corbin Ct	1101","N"
"Corbin Pl	1101","N"
"Cornelia St	1101","N"
"Corso Ct	1101","N"
"Cortelyou Rd	1101","N"
"Court St	1101","N"
"Cove Ln	1101","N"
"Coventry Rd	1101","N"
"Covert St	1101","N"
"Cox Pl	1101","N"
"Coyle St	1101","N"
"Cozine Ave	1101","N"
"Cranberry St	1101","N"
"Crawford Ave	1101","N"
"Creamer St	1101","N"
"Crescent St	1101","N"
"Cristoforo Colombo Blvd	1101","N"
"Crooke Ave	1101","N"
"Cropsey Ave	1101","N"
"Crosby Ave	1101","N"
"Cross St	1101","N"
"Croton Loop	1101","N"
"Crown St	1101","N"
"Crystal St	1101","N"
"Cumberland St	1101","N"
"Cumberland Walk	1101","N"
"Cypress Ct	1101","N"
"Cyrus Ave	1101","N"
"Dahill Rd	1101","N"
"Dahl Ct	1101","N"
"Dahlgren Pl	1101","N"
"Dakota Pl	1101","N"
"Danforth St	1101","N"
"Dank Ct	1101","N"
"Dare Ct	1101","N"
"De Kalb Av - Flatbush Av Ex	1101","N"
"De Koven Ct	1101","N"
"De Sales Pl	1101","N"
"Dean St	1101","N"
"Dearborn Ct	1101","N"
"Debevoise Ave	1101","N"
"Debevoise St	1101","N"
"Decatur Ave	1101","N"
"Decatur St	1101","N"
"Degraw St	1101","N"
"Dekalb Ave	1101","N"
"Delevan St	1101","N"
"Delmar Loop	1101","N"
"Delmonico Pl	1101","N"
"Dennett Pl	1101","N"
"Denton Pl	1101","N"
"Desmond Ct	1101","N"
"Devoe St	1101","N"
"Devon Ave	1101","N"
"Dewey Pl	1101","N"
"Dewitt Ave	1101","N"
"Diamond St	1101","N"
"Dictum Ct	1101","N"
"Dikeman St	1101","N"
"Dinsmore Pl	1101","N"
"Ditmars St	1101","N"
"Ditmas Ave	1101","N"
"Division Ave	1101","N"
"Division Pl	1101","N"
"Dobbin St	1101","N"
"Dock Ave	1101","N"
"Dock St	1101","N"
"Dodworth St	1101","N"
"Dooley St	1101","N"
"Doone Ct	1101","N"
"Dorchester Rd	1101","N"
"Dorset St	1101","N"
"Doscher St	1101","N"
"Doubleday Ln	1101","N"
"Doughty St	1101","N"
"Douglass St	1101","N"
"Dover St	1101","N"
"Downing St	1101","N"
"Dr Wesley Macdonald Holder Ave	1101","N"
"Dr Wesley Mcdonald Ave	1101","N"
"Dr Wesley Mcdonald Holder Ave	1101","N"
"Drew St	1101","N"
"Driggs Ave	1101","N"
"Duffield St	1101","N"
"Dunham Pl	1101","N"
"Dunne Ct	1101","N"
"Dunne Pl	1101","N"
"Dupont St	1101","N"
"Durland Pl	1101","N"
"Duryea Ct	1101","N"
"Duryea Pl	1101","N"
"Dwight St	1101","N"
"Dyker Pl	1101","N"
"E 100th St	1101","N"
"E 101st St	1101","N"
"E 102nd St	1101","N"
"E 103rd St	1101","N"
"E 104th St	1101","N"
"E 105th St	1101","N"
"E 106th St	1101","N"
"E 107th St	1101","N"
"E 108th St	1101","N"
"E 10th St	1101","N"
"E 11th St	1101","N"
"E 12th St	1101","N"
"E 13th St	1101","N"
"E 14th St	1101","N"
"E 15th St	1101","N"
"E 16th St	1101","N"
"E 17th St	1101","N"
"E 18th St	1101","N"
"E 19th St	1101","N"
"E 1st St	1101","N"
"E 21st St	1101","N"
"E 22nd St	1101","N"
"E 23rd St	1101","N"
"E 24th St	1101","N"
"E 25th St	1101","N"
"E 26th St	1101","N"
"E 27th St	1101","N"
"E 28th St	1101","N"
"E 29th St	1101","N"
"E 2nd St	1101","N"
"E 31st St	1101","N"
"E 32nd St	1101","N"
"E 33rd St	1101","N"
"E 34th St	1101","N"
"E 35th St	1101","N"
"E 36th St	1101","N"
"E 37th St	1101","N"
"E 38th St	1101","N"
"E 39th St	1101","N"
"E 3rd St	1101","N"
"E 40th St	1101","N"
"E 41st St	1101","N"
"E 42nd St	1101","N"
"E 43rd St	1101","N"
"E 45th St	1101","N"
"E 46th St	1101","N"
"E 47th St	1101","N"
"E 48th St	1101","N"
"E 49th St	1101","N"
"E 4th St	1101","N"
"E 51st St	1101","N"
"E 52nd St	1101","N"
"E 53rd Pl	1101","N"
"E 53rd St	1101","N"
"E 54th St	1101","N"
"E 55th St	1101","N"
"E 56th St	1101","N"
"E 57th Pl	1101","N"
"E 57th St	1101","N"
"E 58th St	1101","N"
"E 59th Pl	1101","N"
"E 59th St	1101","N"
"E 5th St	1101","N"
"E 60th Pl	1101","N"
"E 60th St	1101","N"
"E 61st St	1101","N"
"E 63rd St	1101","N"
"E 64th St	1101","N"
"E 65th St	1101","N"
"E 66th St	1101","N"
"E 67th St	1101","N"
"E 68th St	1101","N"
"E 69th St	1101","N"
"E 6th St	1101","N"
"E 70th St	1101","N"
"E 71st St	1101","N"
"E 72nd St	1101","N"
"E 73rd St	1101","N"
"E 74th St	1101","N"
"E 76th St	1101","N"
"E 77th St	1101","N"
"E 78th St	1101","N"
"E 79th St	1101","N"
"E 7th St	1101","N"
"E 80th St	1101","N"
"E 81st St	1101","N"
"E 82nd St	1101","N"
"E 83rd St	1101","N"
"E 84th St	1101","N"
"E 85th St	1101","N"
"E 86th St	1101","N"
"E 87th St	1101","N"
"E 88th St	1101","N"
"E 89th St	1101","N"
"E 8th St	1101","N"
"E 91st St	1101","N"
"E 92nd St	1101","N"
"E 93rd St	1101","N"
"E 94th St	1101","N"
"E 95th St	1101","N"
"E 96th St	1101","N"
"E 98th St	1101","N"
"E 99th St	1101","N"
"E 9th St	1101","N"
"E Lake Dr	1101","N"
"E Marginal St	1101","N"
"E New York Ave	1101","N"
"Eagle St	1101","N"
"East Dr	1101","N"
"East Way	1101","N"
"Eastern Pkwy	1101","N"
"Eastway	1101","N"
"Eaton Ct	1101","N"
"Ebony Ct	1101","N"
"Eckford St	1101","N"
"Elizabeth Pl	1101","N"
"Ellery St	1101","N"
"Elm Ave	1101","N"
"Elm Pl	1101","N"
"Elmira Loop	1101","N"
"Elmwood Ave	1101","N"
"Elton St	1101","N"
"Emerald St	1101","N"
"Emerson Pl	1101","N"
"Emmers Ln	1101","N"
"Emmons Ave	1101","N"
"Empire Blvd	1101","N"
"Engert Ave	1101","N"
"Erasmus St	1101","N"
"Erik Pl	1101","N"
"Erskine Loop	1101","N"
"Erskine St	1101","N"
"Esplanade	1101","N"
"Essex St	1101","N"
"Etna St	1101","N"
"Euclid Ave	1101","N"
"Evans St	1101","N"
"Everett Ave	1101","N"
"Evergreen Ave	1101","N"
"Everit St	1101","N"
"Exeter St	1101","N"
"Fair St	1101","N"
"Fairview Pl	1101","N"
"Falmouth St	1101","N"
"Fanchon Pl	1101","N"
"Fane Ct	1101","N"
"Fane Ct S	1101","N"
"Farragut Pl	1101","N"
"Farragut Rd	1101","N"
"Farragut St	1101","N"
"Fay Ct	1101","N"
"Fayette St	1101","N"
"Fenimore St	1101","N"
"Ferris St	1101","N"
"Fillmore Ave	1101","N"
"Fillmore Pl	1101","N"
"Fiske Pl	1101","N"
"Flatbush Ave	1101","N"
"Flatland Ave	1101","N"
"Flatlands 10th St	1101","N"
"Flatlands 1st St	1101","N"
"Flatlands 2nd St	1101","N"
"Flatlands 3rd St	1101","N"
"Flatlands 4th St	1101","N"
"Flatlands 5th St	1101","N"
"Flatlands 6th St	1101","N"
"Flatlands 7th St	1101","N"
"Flatlands 8th St	1101","N"
"Flatlands 9th St	1101","N"
"Flatlands Ave	1101","N"
"Fleet Alley	1101","N"
"Fleet Pl	1101","N"
"Fleet St	1101","N"
"Fleet Walk	1101","N"
"Florence Ave	1101","N"
"Floyd St	1101","N"
"Flushing Ave	1101","N"
"Folsom Pl	1101","N"
"Forbell St	1101","N"
"Force Tube Ave	1101","N"
"Ford St	1101","N"
"Forest Pl	1101","N"
"Forrest St	1101","N"
"Fort Greene Pl	1101","N"
"Fort Hamilton Manor	1101","N"
"Fort Hamilton Pkwy	1101","N"
"Fort Hill Pl	1101","N"
"Foster Ave	1101","N"
"Fountain Ave	1101","N"
"Fountain St	1101","N"
"Frank Ct	1101","N"
"Franklin St	1101","N"
"Freeman St	1101","N"
"Freeport Loop	1101","N"
"Fresh Pond Rd	1101","N"
"Friel Pl	1101","N"
"Front Ave	1101","N"
"Front St	1101","N"
"Frost St	1101","N"
"Fuller Pl	1101","N"
"Fulton St	1101","N"
"Furman Ave	1101","N"
"Furman St	1101","N"
"Gain Ct	1101","N"
"Gallatin Pl	1101","N"
"Garden Pl	1101","N"
"Garden St	1101","N"
"Gardner Ave	1101","N"
"Garfield Pl	1101","N"
"Garland Ct	1101","N"
"Garnet St	1101","N"
"Garvey Ave	1101","N"
"Garvey Blvd	1101","N"
"Gates Ave	1101","N"
"Gateway Dr	1101","N"
"Gatling Pl	1101","N"
"Gaylord Dr N	1101","N"
"Gaylord Dr S	1101","N"
"Gee Ave	1101","N"
"Gelston Ave	1101","N"
"Gem St	1101","N"
"General Lee Ave	1101","N"
"Geneva Loop	1101","N"
"George St	1101","N"
"Georgetown Ln	1101","N"
"Georgia Ave	1101","N"
"Gerald Ct	1101","N"
"Gerritsen Ave	1101","N"
"Gerry St	1101","N"
"Gilmore Ct	1101","N"
"Girard St	1101","N"
"Glen St	1101","N"
"Glendale Ct	1101","N"
"Glenmore Ave	1101","N"
"Glenwood Rd	1101","N"
"Gold St	1101","N"
"Goodwin Pl	1101","N"
"Gotham Ave	1101","N"
"Gowanus Expy	1101","N"
"Grace Ct	1101","N"
"Grace Ct Alley	1101","N"
"Grafton St	1101","N"
"Graham Ave	1101","N"
"Grand Army Plaza	1101","N"
"Grand Ave	1101","N"
"Grand St	1101","N"
"Granite St	1101","N"
"Grant Ave	1101","N"
"Granville Payne Ave	1101","N"
"Grattan St	1101","N"
"Gravesend Neck Rd	1101","N"
"Gray Ct	1101","N"
"Green St	1101","N"
"Greene Ave	1101","N"
"Greenpoint Ave	1101","N"
"Greenstreet	1101","N"
"Greenwood Ave	1101","N"
"Gregory Pl	1101","N"
"Grimes Dr	1101","N"
"Grimes Rd	1101","N"
"Grove Pl	1101","N"
"Grove St	1101","N"
"Guernsey St	1101","N"
"Guider Ave	1101","N"
"Gunnison Ct	1101","N"
"Gunther Pl	1101","N"
"Hale Ave	1101","N"
"Hall St	1101","N"
"Halleck St	1101","N"
"Hallelujah Way	1101","N"
"Halsey St	1101","N"
"Hamilton Ave	1101","N"
"Hamilton Manor	1101","N"
"Hamilton Pl	1101","N"
"Hamilton Walk	1101","N"
"Hammerhead Ave	1101","N"
"Hampton Ave	1101","N"
"Hampton Pl	1101","N"
"Hancock St	1101","N"
"Hanover Pl	1101","N"
"Hanson Pl	1101","N"
"Harbor Ct	1101","N"
"Harbor Ln	1101","N"
"Harbor View Dr	1101","N"
"Harbor View Terrace	1101","N"
"Harden St	1101","N"
"Haring St	1101","N"
"Harkness Ave	1101","N"
"Harman St	1101","N"
"Harrison Alley	1101","N"
"Harrison Ave	1101","N"
"Harrison Pl	1101","N"
"Hart Pl	1101","N"
"Hart St	1101","N"
"Harway Ave	1101","N"
"Harwood Pl	1101","N"
"Hastings St	1101","N"
"Hattie Jones Pl	1101","N"
"Hausman St	1101","N"
"Havemeyer St	1101","N"
"Havens Pl	1101","N"
"Hawthorne St	1101","N"
"Hazel Ct	1101","N"
"Heath Pl	1101","N"
"Hegeman Ave	1101","N"
"Hemlock St	1101","N"
"Henderson Walk	1101","N"
"Hendrickson Pl	1101","N"
"Hendrickson St	1101","N"
"Hendrix St	1101","N"
"Henry St	1101","N"
"Herbert St	1101","N"
"Herkimer Ct	1101","N"
"Herkimer Pl	1101","N"
"Herkimer St	1101","N"
"Herzl St	1101","N"
"Hewes St	1101","N"
"Heyward St	1101","N"
"Hicks St	1101","N"
"Highland Ave	1101","N"
"Highland Blvd	1101","N"
"Highland Pl	1101","N"
"Highland View Ave	1101","N"
"Highlawn Ave	1101","N"
"Hill St	1101","N"
"Hillel Pl	1101","N"
"Himrod St	1101","N"
"Hinckley Pl	1101","N"
"Hinsdale St	1101","N"
"Hitchings Ave	1101","N"
"Holly St	1101","N"
"Holmes Ln	1101","N"
"Holt Ct	1101","N"
"Homecrest Ave	1101","N"
"Homecrest Ct	1101","N"
"Hooper St	1101","N"
"Hope St	1101","N"
"Hopkins St	1101","N"
"Hopkinson Ave	1101","N"
"Horace Ct	1101","N"
"Hornell Loop	1101","N"
"Howard Alley	1101","N"
"Howard Ave	1101","N"
"Howard Pl	1101","N"
"Hoyt St	1101","N"
"Hoyts Ln	1101","N"
"Hubbard Pl	1101","N"
"Hubbard St	1101","N"
"Hudson Ave	1101","N"
"Hudson Walk	1101","N"
"Hull St	1101","N"
"Humboldt St	1101","N"
"Hunter Ave	1101","N"
"Hunterfly Pl	1101","N"
"Huntington St	1101","N"
"Hunts Ln	1101","N"
"Huron St	1101","N"
"Hutchinson Ct	1101","N"
"Hyman Ct	1101","N"
"Hymen Ct	1101","N"
"Ide Ct	1101","N"
"Imlay St	1101","N"
"Independence Ave	1101","N"
"India St	1101","N"
"Indiana Pl	1101","N"
"Indiana Walk	1101","N"
"Ingraham St	1101","N"
"Interstate 278	1101","N"
"Ira Ct	1101","N"
"Irving Pl	1101","N"
"Irving St	1101","N"
"Irvington Pl	1101","N"
"Irwin St	1101","N"
"Ivan Ct	1101","N"
"Ivy Hill Rd	1101","N"
"Jackson Ct	1101","N"
"Jackson Pl	1101","N"
"Jackson St	1101","N"
"Jaffray St	1101","N"
"Jamaica Ave	1101","N"
"Jardine Pl	1101","N"
"Java St	1101","N"
"Jay Ave	1101","N"
"Jay St	1101","N"
"Jefferson Ave	1101","N"
"Jefferson St	1101","N"
"Jerome Ave	1101","N"
"Jerome St	1101","N"
"Jewel St	1101","N"
"Jewell Mckoy Ln	1101","N"
"Jodie Ct	1101","N"
"John Berry Blvd	1101","N"
"John Jay Byrne Bridge	1101","N"
"John St	1101","N"
"Johnson Ave	1101","N"
"Johnson Pl	1101","N"
"Johnson St	1101","N"
"Jones Walk	1101","N"
"Joralemon St	1101","N"
"Joval Ct	1101","N"
"Joy Way	1101","N"
"Judge St	1101","N"
"Juliana Pl	1101","N"
"Junius St	1101","N"
"Just Ct	1101","N"
"Kane Pl	1101","N"
"Kane St	1101","N"
"Kansas Pl	1101","N"
"Karweg Pl	1101","N"
"Kathleen Ct	1101","N"
"Kaufman Pl	1101","N"
"Kay Ave	1101","N"
"Kay Ct	1101","N"
"Keap St	1101","N"
"Keen Ct	1101","N"
"Kenilworth Pl	1101","N"
"Kenmore Ct	1101","N"
"Kenmore Pl	1101","N"
"Kenmore Terrace	1101","N"
"Kensington St	1101","N"
"Kensington Walk	1101","N"
"Kent Ave	1101","N"
"Kent St	1101","N"
"Kermit Pl	1101","N"
"Kiely Pl	1101","N"
"Kimball St	1101","N"
"King St	1101","N"
"Kings Hwy	1101","N"
"Kings Pl	1101","N"
"Kingsborough 1st Walk	1101","N"
"Kingsborough 2nd Walk	1101","N"
"Kingsborough 3rd Walk	1101","N"
"Kingsborough 4th Walk	1101","N"
"Kingsborough 5th Walk	1101","N"
"Kingsborough 6th Walk	1101","N"
"Kingsborough 7th Walk	1101","N"
"Kingsland Ave	1101","N"
"Kingston Ave	1101","N"
"Kingsway Pl	1101","N"
"Knapp St	1101","N"
"Knight Ct	1101","N"
"Kosciusko St	1101","N"
"Kosciuszko Bridge	1101","N"
"Kosciuszko St	1101","N"
"Kossuth Pl	1101","N"
"Krier Pl	1101","N"
"Lacon Ct	1101","N"
"Lafayette Ave	1101","N"
"Lafayette Walk	1101","N"
"Lake Ave	1101","N"
"Lake Pl	1101","N"
"Lake St	1101","N"
"Lama Ct	1101","N"
"Lamont Ct	1101","N"
"Lancaster Ave	1101","N"
"Landis Ct	1101","N"
"Langham St	1101","N"
"Laurel Ave	1101","N"
"Lawn Ct	1101","N"
"Lawrence Ave	1101","N"
"Lawton St	1101","N"
"Lee Ave	1101","N"
"Lefferts Ave	1101","N"
"Lefferts Pl	1101","N"
"Legion St	1101","N"
"Leif Ericson Dr	1101","N"
"Lenox Rd	1101","N"
"Leonard St	1101","N"
"Leonora Ct	1101","N"
"Lester Ct	1101","N"
"Lewis Av - Mac Donough St	1101","N"
"Lewis Ave	1101","N"
"Lewis Pl	1101","N"
"Lexington Ave	1101","N"
"Liberty Ave	1101","N"
"Lincoln Ave	1101","N"
"Lincoln Pl	1101","N"
"Lincoln Rd	1101","N"
"Lincoln Terrace	1101","N"
"Linden Blvd	1101","N"
"Linden St	1101","N"
"Linwood St	1101","N"
"Little Nassau St	1101","N"
"Little St	1101","N"
"Livingston St	1101","N"
"Livonia Ave	1101","N"
"Lloyd Ct	1101","N"
"Lloyd St	1101","N"
"Locust Ave	1101","N"
"Locust St	1101","N"
"Logan St	1101","N"
"Lois Ave	1101","N"
"Lombardy St	1101","N"
"Lorimer St	1101","N"
"Loring Ave	1101","N"
"Lorraine St	1101","N"
"Losee Terrace	1101","N"
"Lott Ave	1101","N"
"Lott Pl	1101","N"
"Lott St	1101","N"
"Lotts Ln	1101","N"
"Louis Pl	1101","N"
"Louisa St	1101","N"
"Louise Terrace	1101","N"
"Louisiana Ave	1101","N"
"Love Ln	1101","N"
"Ludlam Pl	1101","N"
"Luquer St	1101","N"
"Lyme Ave	1101","N"
"Lynch St	1101","N"
"Macarthur Rd	1101","N"
"Macdougal St	1101","N"
"Mackenzie St	1101","N"
"Macon St	1101","N"
"Madeline Ct	1101","N"
"Madison Pl	1101","N"
"Madison St	1101","N"
"Madoc Ave	1101","N"
"Malbone St	1101","N"
"Malcolm X Blvd	1101","N"
"Malta St	1101","N"
"Manh Br Appr	1101","N"
"Manhattan Ave	1101","N"
"Manhattan Bridge	1101","N"
"Manhattan Ct	1101","N"
"Manor Ct	1101","N"
"Maple Ave	1101","N"
"Maple St	1101","N"
"Marconi Pl	1101","N"
"Marcus Garvey Ave	1101","N"
"Marcus Garvey Blvd	1101","N"
"Marcy Ave	1101","N"
"Margaret Ct	1101","N"
"Marginal St E	1101","N"
"Marginal St W	1101","N"
"Marine Ave	1101","N"
"Marine Pkwy	1101","N"
"Marion St	1101","N"
"Market St	1101","N"
"Marlborough Rd	1101","N"
"Marshall Dr	1101","N"
"Marshall St	1101","N"
"Martense Ct	1101","N"
"Martense St	1101","N"
"Martin Luther King Pl	1101","N"
"Maspeth Ave	1101","N"
"Matthews Ct	1101","N"
"Matthews Pl	1101","N"
"Maujer St	1101","N"
"Mayfair Dr N	1101","N"
"Mayfair Dr S	1101","N"
"Mc Clancy Pl	1101","N"
"Mc Donough Ave	1101","N"
"Mc Kenny St	1101","N"
"Mcdonald Ave	1101","N"
"Mckeever Pl	1101","N"
"Mckibben St	1101","N"
"Mckibbin St	1101","N"
"Mckinley Ave	1101","N"
"Meadow St	1101","N"
"Meeker Ave	1101","N"
"Melba Ct	1101","N"
"Melrose St	1101","N"
"Menahan St	1101","N"
"Merit Ct	1101","N"
"Mermaid Ave	1101","N"
"Meserole Ave	1101","N"
"Meserole St	1101","N"
"Metropolitan Ave	1101","N"
"Metrotech Center	1101","N"
"Miami Ct	1101","N"
"Micieli Pl	1101","N"
"Middagh St	1101","N"
"Middleton St	1101","N"
"Midwood St	1101","N"
"Milford St	1101","N"
"Mill Ave	1101","N"
"Mill Ln	1101","N"
"Mill Rd	1101","N"
"Mill St	1101","N"
"Miller Ave	1101","N"
"Miller Pl	1101","N"
"Milton St	1101","N"
"Minna St	1101","N"
"Mn Br Appr	1101","N"
"Moffat St	1101","N"
"Monaco Pl	1101","N"
"Monitor St	1101","N"
"Monroe Pl	1101","N"
"Monroe St	1101","N"
"Monsignor Delveccio Pl	1101","N"
"Montague St	1101","N"
"Montague Terrace	1101","N"
"Montana Pl	1101","N"
"Montauk Ave	1101","N"
"Montauk Ct	1101","N"
"Montgomery Pl	1101","N"
"Montgomery St	1101","N"
"Montieth St	1101","N"
"Montrose Ave	1101","N"
"Monument Walk	1101","N"
"Moore Pl	1101","N"
"Moore St	1101","N"
"Morgan Ave	1101","N"
"Morris Ave	1101","N"
"Morton St	1101","N"
"Mother Gaston Blvd	1101","N"
"Moultrie St	1101","N"
"Murdock Ct	1101","N"
"Myrtle Ave	1101","N"
"N 10th St	1101","N"
"N 11th St	1101","N"
"N 12th St	1101","N"
"N 13th St	1101","N"
"N 14th St	1101","N"
"N 15th St	1101","N"
"N 1st St	1101","N"
"N 3rd St	1101","N"
"N 4th St	1101","N"
"N 5th St	1101","N"
"N 6th St	1101","N"
"N 7th St	1101","N"
"N 8th St	1101","N"
"N 9th St	1101","N"
"N Conduit Blvd	1101","N"
"N Elliot Pl	1101","N"
"N Elliott Pl	1101","N"
"N Elliott Walk	1101","N"
"N Grimes Rd	1101","N"
"N Henry St	1101","N"
"N Market St	1101","N"
"N Oxford St	1101","N"
"N Oxford Walk	1101","N"
"N Portland Ave	1101","N"
"N State Rd	1101","N"
"Narrows Ave	1101","N"
"Nassau Ave	1101","N"
"Nassau St	1101","N"
"National Dr	1101","N"
"Nautilus Ave	1101","N"
"Navy St	1101","N"
"Navy Walk	1101","N"
"Neck Rd	1101","N"
"Nelson St	1101","N"
"Neptune Ave	1101","N"
"Neptune Ct	1101","N"
"Nethermead Arches	1101","N"
"Nevins St	1101","N"
"New Dock St	1101","N"
"New Jersey Ave	1101","N"
"New Lots Ave	1101","N"
"New Utrecht Ave	1101","N"
"New York Ave	1101","N"
"Newel St	1101","N"
"Newkirk Ave	1101","N"
"Newkirk Plaza	1101","N"
"Newport St	1101","N"
"Newton St	1101","N"
"Nicholas J Sciarra Pl	1101","N"
"Nichols Ave	1101","N"
"Nixon Ct	1101","N"
"Noble St	1101","N"
"Noel Ave	1101","N"
"Nolans Ln	1101","N"
"Noll St	1101","N"
"Norfolk St	1101","N"
"Norman Ave	1101","N"
"Norwood Ave	1101","N"
"Nostrand Ave	1101","N"
"Nova Ct	1101","N"
"O Brien Pl	1101","N"
"Oak St	1101","N"
"Oakland Pl	1101","N"
"Ocean Ave	1101","N"
"Ocean Ct	1101","N"
"Ocean Pkwy	1101","N"
"Oceana Dr E	1101","N"
"Oceana Dr W	1101","N"
"Oceana Terrace	1101","N"
"Oceanic Ave	1101","N"
"Oceanview Ave	1101","N"
"Old Dock St	1101","N"
"Old Fulton St	1101","N"
"Old Mill Rd	1101","N"
"Old New Utrecht Rd	1101","N"
"Olean St	1101","N"
"Olive St	1101","N"
"Oliver St	1101","N"
"Onderdonk Ave	1101","N"
"Opal Ct	1101","N"
"Oratory Pl	1101","N"
"Ordnance Ave	1101","N"
"Orient Ave	1101","N"
"Oriental Blvd	1101","N"
"Oriental Ct	1101","N"
"Oriental St	1101","N"
"Osborn St	1101","N"
"Otsego St	1101","N"
"Our Lady Of Snows Square	1101","N"
"Overbaugh Pl	1101","N"
"Ovington Ave	1101","N"
"Ovington Ct	1101","N"
"Owls Head Ct	1101","N"
"Oxford St	1101","N"
"Pacific St	1101","N"
"Paerdegat 10th St	1101","N"
"Paerdegat 11th St	1101","N"
"Paerdegat 12th St	1101","N"
"Paerdegat 13th St	1101","N"
"Paerdegat 14th St	1101","N"
"Paerdegat 15th St	1101","N"
"Paerdegat 1st St	1101","N"
"Paerdegat 2nd St	1101","N"
"Paerdegat 3rd St	1101","N"
"Paerdegat 4th St	1101","N"
"Paerdegat 5th St	1101","N"
"Paerdegat 6th St	1101","N"
"Paerdegat 7th St	1101","N"
"Paerdegat 8th St	1101","N"
"Paerdegat 9th St	1101","N"
"Paerdegat Ave N	1101","N"
"Paerdegat Ave S	1101","N"
"Paidge Ave	1101","N"
"Palm Ct	1101","N"
"Palmetto St	1101","N"
"Parade Pl	1101","N"
"Park Ave	1101","N"
"Park Cir	1101","N"
"Park Pl	1101","N"
"Park St	1101","N"
"Parkside Ave	1101","N"
"Parkside Ct	1101","N"
"Parkville Ave	1101","N"
"Parkway Ct	1101","N"
"Parrott Pl	1101","N"
"Patchen Ave	1101","N"
"Paulding St	1101","N"
"Pearl St	1101","N"
"Pearson St	1101","N"
"Pembroke St	1101","N"
"Pence St	1101","N"
"Penn St	1101","N"
"Pennsylvania Ave	1101","N"
"Perry Ave	1101","N"
"Perry Pl	1101","N"
"Perry Terrace	1101","N"
"Pershing Loop	1101","N"
"Pierrepont Pl	1101","N"
"Pierrepont St	1101","N"
"Pilling St	1101","N"
"Pine St	1101","N"
"Pineapple St	1101","N"
"Pineapple Walk	1101","N"
"Pioneer St	1101","N"
"Pitkin Ave	1101","N"
"Plaza St E	1101","N"
"Plaza St W	1101","N"
"Pleasant Pl	1101","N"
"Plumb 1st St	1101","N"
"Plumb 2nd St	1101","N"
"Plumb 3rd St	1101","N"
"Plymouth St	1101","N"
"Polar St	1101","N"
"Polhemus Pl	1101","N"
"Poly Pl	1101","N"
"Poplar Ave	1101","N"
"Poplar St	1101","N"
"Portal St	1101","N"
"Porter Ave	1101","N"
"Post Ct	1101","N"
"Powell St	1101","N"
"Powers St	1101","N"
"Prescott Pl	1101","N"
"President St	1101","N"
"Preston Ct	1101","N"
"Prince St	1101","N"
"Private A Catanzaro Square	1101","N"
"Prospect Ave	1101","N"
"Prospect Expy	1101","N"
"Prospect Park Southwest	1101","N"
"Prospect Park West	1101","N"
"Prospect Pl	1101","N"
"Prospect St	1101","N"
"Provost St	1101","N"
"Pulaski Bridge	1101","N"
"Pulaski St	1101","N"
"Putnam Ave	1101","N"
"Quay St	1101","N"
"Quentin Rd	1101","N"
"Quentin St	1101","N"
"Quincy St	1101","N"
"Quisenbury Dr	1101","N"
"Rabbi Block St	1101","N"
"Radde Pl	1101","N"
"Railroad Ave	1101","N"
"Raleigh Pl	1101","N"
"Ralph Ave	1101","N"
"Randolph St	1101","N"
"Rapelye St	1101","N"
"Red Cross Pl	1101","N"
"Red Hook Ln	1101","N"
"Reed St	1101","N"
"Reeve Pl	1101","N"
"Regent Pl	1101","N"
"Reid Ave	1101","N"
"Remsen Ave	1101","N"
"Remsen St	1101","N"
"Renaissance Ct	1101","N"
"Revere Pl	1101","N"
"Rewe St	1101","N"
"Richards St	1101","N"
"Richardson St	1101","N"
"Ridge Blvd	1101","N"
"Ridge Crest Terrace	1101","N"
"Ridge Ct	1101","N"
"Ridgewood Ave	1101","N"
"Ridgewood Pl	1101","N"
"Riegelmann Boardwalk	1101","N"
"River St	1101","N"
"Riverdale Ave	1101","N"
"Robert Pl	1101","N"
"Rochester Ave	1101","N"
"Rock St	1101","N"
"Rockaway Av - Eastern Py Ex	1101","N"
"Rockaway Ave	1101","N"
"Rockaway Pkwy	1101","N"
"Rockwell Pl	1101","N"
"Roder Ave	1101","N"
"Rodney St	1101","N"
"Roebling St	1101","N"
"Rogers Ave	1101","N"
"Roosevelt	1101","N"
"Roosevelt Ct	1101","N"
"Roosevelt Ln	1101","N"
"Roosevelt Pl	1101","N"
"Rose St	1101","N"
"Ross St	1101","N"
"Rost Pl	1101","N"
"Royce Pl	1101","N"
"Royce St	1101","N"
"Rugby Rd	1101","N"
"Russell St	1101","N"
"Rutherford Pl	1101","N"
"Rutland Rd	1101","N"
"Rutledge St	1101","N"
"Ryder Ave	1101","N"
"Ryder St	1101","N"
"Ryerson St	1101","N"
"S 10th St	1101","N"
"S 11th St	1101","N"
"S 1st St	1101","N"
"S 2nd St	1101","N"
"S 3rd St	1101","N"
"S 4th St	1101","N"
"S 5th Pl	1101","N"
"S 5th St	1101","N"
"S 6th St	1101","N"
"S 8th St	1101","N"
"S 9th St	1101","N"
"S Conduit Blvd	1101","N"
"S Elliott Pl	1101","N"
"S Lake Dr	1101","N"
"S Market St	1101","N"
"S Oxford St	1101","N"
"S Portland Ave	1101","N"
"Sackett St	1101","N"
"Sackman St	1101","N"
"Sands St	1101","N"
"Sanford St	1101","N"
"Saratoga Ave	1101","N"
"Schaefer St	1101","N"
"Schenck Ave	1101","N"
"Schenck Ct	1101","N"
"Schenck Pl	1101","N"
"Schenck St	1101","N"
"Schenectady Ave	1101","N"
"Schermerhorn St	1101","N"
"Scholes St	1101","N"
"School Ln	1101","N"
"Schroeders Ave	1101","N"
"Schum Ave	1101","N"
"Schweikerts Walk	1101","N"
"Scott Ave	1101","N"
"Sea Breeze Ave	1101","N"
"Sea Breeze Ct	1101","N"
"Sea Gate Ave	1101","N"
"Sea Pl	1101","N"
"Seabring St	1101","N"
"Seacoast Terrace	1101","N"
"Seaview Ave	1101","N"
"Seaview Ct	1101","N"
"Seaview Gardens	1101","N"
"Seawall Ave	1101","N"
"Seba Ave	1101","N"
"Sedgwick Pl	1101","N"
"Sedgwick St	1101","N"
"Seeley St	1101","N"
"Seigel Ct	1101","N"
"Seigel St	1101","N"
"Senator St	1101","N"
"Seton Pl	1101","N"
"Shale St	1101","N"
"Sharon St	1101","N"
"Sheepshead Bay Rd	1101","N"
"Sheepshead Foot Bridge	1101","N"
"Sheffield Ave	1101","N"
"Shell Rd	1101","N"
"Shepherd Ave	1101","N"
"Sheridan Ave	1101","N"
"Sheridan Loop	1101","N"
"Sherlock Pl	1101","N"
"Sherman St	1101","N"
"Ship Ways Ave	1101","N"
"Shore Blvd	1101","N"
"Shore Ct	1101","N"
"Shore Parkway State Rd S	1101","N"
"Shore Pkwy	1101","N"
"Shore Pkwy N	1101","N"
"Shore Pkwy S	1101","N"
"Shore Rd	1101","N"
"Shore Rd Dr	1101","N"
"Shore Rd Ln	1101","N"
"Sidney Pl	1101","N"
"Sigourney St	1101","N"
"Skidmore Ave	1101","N"
"Skidmore Ln	1101","N"
"Skidmore Pl	1101","N"
"Skillman Ave	1101","N"
"Skillman St	1101","N"
"Sloan Pl	1101","N"
"Slocum Pl	1101","N"
"Smith St	1101","N"
"Smith St - Warren St	1101","N"
"Smiths Ln	1101","N"
"Snediker Ave	1101","N"
"Snyder Ave	1101","N"
"Somers St	1101","N"
"South St	1101","N"
"Southgate Ct	1101","N"
"Spencer Ct	1101","N"
"Spencer Pl	1101","N"
"Spencer St	1101","N"
"Spruce Ave	1101","N"
"St Andrews Pl	1101","N"
"St Charles Pl	1101","N"
"St Edwards St	1101","N"
"St Felix St	1101","N"
"St Francis Pl	1101","N"
"St James Pl	1101","N"
"St Johns Pl	1101","N"
"St Jude Pl	1101","N"
"St Marks Ave	1101","N"
"St Marks Pl	1101","N"
"St Nicholas Ave	1101","N"
"St Pauls Ct	1101","N"
"Stagg St	1101","N"
"Stagg Walk	1101","N"
"Stanhope St	1101","N"
"Stanley Ave	1101","N"
"Stanton Rd	1101","N"
"Stanwix St	1101","N"
"Starr St	1101","N"
"State St	1101","N"
"Stephens Ct	1101","N"
"Sterling Dr	1101","N"
"Sterling Pl	1101","N"
"Sterling St	1101","N"
"Steuben St	1101","N"
"Stewart Ave	1101","N"
"Stewart St	1101","N"
"Stillwell Ave	1101","N"
"Stillwell Pl	1101","N"
"Stillwell's Pl	1101","N"
"Stockholm St	1101","N"
"Stockton St	1101","N"
"Stoddard Pl	1101","N"
"Stone Ave	1101","N"
"Stonewall Jackson Dr	1101","N"
"Story Ct	1101","N"
"Story St	1101","N"
"Stratford Rd	1101","N"
"Strauss St	1101","N"
"Strickland Ave	1101","N"
"Strong Pl	1101","N"
"Stryker Ct	1101","N"
"Stryker St	1101","N"
"Stuart St	1101","N"
"Stuyvesant Ave	1101","N"
"Sullivan Pl	1101","N"
"Sullivan St	1101","N"
"Summit St	1101","N"
"Sumner Ave	1101","N"
"Sumner Pl	1101","N"
"Sumpter St	1101","N"
"Sunnyside Ave	1101","N"
"Sunnyside Ct	1101","N"
"Sunset Ct	1101","N"
"Sunset Terrace	1101","N"
"Surf Ave	1101","N"
"Sutter Ave	1101","N"
"Sutton St	1101","N"
"Suydam Pl	1101","N"
"Suydam St	1101","N"
"Taaffe Pl	1101","N"
"Tabor Ct	1101","N"
"Tampa Ct	1101","N"
"Tapscott Ave	1101","N"
"Tapscott St	1101","N"
"Taylor St	1101","N"
"Tech Pl	1101","N"
"Tehama St	1101","N"
"Temple Ct	1101","N"
"Ten Eyck St	1101","N"
"Ten Eyck Walk	1101","N"
"Tennis Ct	1101","N"
"Terrace Pl	1101","N"
"Thames St	1101","N"
"Thatford Ave	1101","N"
"Thomas S Boyland St	1101","N"
"Thomas St	1101","N"
"Thornton St	1101","N"
"Throop Ave	1101","N"
"Tiffany Pl	1101","N"
"Tilden Ave	1101","N"
"Tillary St	1101","N"
"Times Plaza	1101","N"
"Tompkins Ave	1101","N"
"Tompkins Pl	1101","N"
"Townsend St	1101","N"
"Troutman St	1101","N"
"Troy Ave	1101","N"
"Trucklemans Ln	1101","N"
"Truxton St	1101","N"
"Tudor Terrace	1101","N"
"Turnbull Ave	1101","N"
"Turner Pl	1101","N"
"Twin Pines Dr E	1101","N"
"Underhill Ave	1101","N"
"Union Ave	1101","N"
"Union St	1101","N"
"Utah Walk	1101","N"
"Utica Ave	1101","N"
"V Ave	1101","N"
"Van Brunt St	1101","N"
"Van Buren St	1101","N"
"Van Dyke St	1101","N"
"Van Sicklen St	1101","N"
"Van Siclen Ave	1101","N"
"Van Siclen Ct	1101","N"
"Van Sinderen Ave	1101","N"
"Vandalia Ave	1101","N"
"Vanderbilt Ave	1101","N"
"Vanderbilt St	1101","N"
"Vanderveer Pl	1101","N"
"Vanderveer St	1101","N"
"Vandervoort Ave	1101","N"
"Vandervoort Pl	1101","N"
"Vandevoort Ave	1101","N"
"Varet St	1101","N"
"Varick Ave	1101","N"
"Varick St	1101","N"
"Varkens Hook Rd	1101","N"
"Verandah Pl	1101","N"
"Vermont Ave	1101","N"
"Vermont Ct	1101","N"
"Vermont St	1101","N"
"Vernon Ave	1101","N"
"Verona Pl	1101","N"
"Verona St	1101","N"
"Veronica Pl	1101","N"
"Veterans Ave	1101","N"
"Via Vespucci	1101","N"
"Victor Rd	1101","N"
"Village Ct	1101","N"
"Village Rd E	1101","N"
"Village Rd N	1101","N"
"Village Rd S	1101","N"
"Vine St	1101","N"
"Virginia Pl	1101","N"
"Visitation Pl	1101","N"
"Vista Pl	1101","N"
"Voorhies Ave	1101","N"
"W 10th St	1101","N"
"W 11th St	1101","N"
"W 12th St	1101","N"
"W 13th St	1101","N"
"W 15th Pl	1101","N"
"W 15th St	1101","N"
"W 16th St	1101","N"
"W 17th St	1101","N"
"W 19th St	1101","N"
"W 1st St	1101","N"
"W 20th St	1101","N"
"W 21st St	1101","N"
"W 22nd St	1101","N"
"W 23rd St	1101","N"
"W 24th St	1101","N"
"W 25th St	1101","N"
"W 27th St	1101","N"
"W 28th St	1101","N"
"W 29th St	1101","N"
"W 2nd Pl	1101","N"
"W 2nd St	1101","N"
"W 30th St	1101","N"
"W 31st St	1101","N"
"W 32nd St	1101","N"
"W 33rd St	1101","N"
"W 35th St	1101","N"
"W 36th St	1101","N"
"W 37th St	1101","N"
"W 3rd St	1101","N"
"W 4th St	1101","N"
"W 5th St	1101","N"
"W 6th St	1101","N"
"W 7th St	1101","N"
"W 8th St	1101","N"
"W 9th St	1101","N"
"W Brighton Ave	1101","N"
"W Lake Dr	1101","N"
"W Marginal St	1101","N"
"Wainwright Dr	1101","N"
"Wakeman Pl	1101","N"
"Waldane Ct	1101","N"
"Waldorf Ct	1101","N"
"Walke Ave	1101","N"
"Wallabout St	1101","N"
"Wallaston Ct	1101","N"
"Walsh Ct	1101","N"
"Walton St	1101","N"
"Walworth St	1101","N"
"Warren Pl	1101","N"
"Warren St	1101","N"
"Warrington Ave	1101","N"
"Warsoff Pl	1101","N"
"Warwick St	1101","N"
"Washington Ave	1101","N"
"Washington Dr	1101","N"
"Washington Park	1101","N"
"Washington St	1101","N"
"Washington Walk	1101","N"
"Water St	1101","N"
"Waterbury St	1101","N"
"Watkins St	1101","N"
"Waverly Ave	1101","N"
"Weber Ave	1101","N"
"Webers Ct	1101","N"
"Webers Terrace	1101","N"
"Webster Ave	1101","N"
"Webster Pl	1101","N"
"Weirfield St	1101","N"
"Welding Rd	1101","N"
"Weldon St	1101","N"
"Wellington Ct	1101","N"
"Wells St	1101","N"
"West Ave	1101","N"
"West Dr	1101","N"
"West End Ave	1101","N"
"West St	1101","N"
"West Way	1101","N"
"Westbury Ct	1101","N"
"Westminster Rd	1101","N"
"Westshore Ave	1101","N"
"Whale Square	1101","N"
"Wharton Pl	1101","N"
"Whipple St	1101","N"
"White Ave	1101","N"
"White St	1101","N"
"Whitman Dr	1101","N"
"Whitney Ave	1101","N"
"Whitney Pl	1101","N"
"Whitty Ln	1101","N"
"Whitwell Pl	1101","N"
"Will Pl	1101","N"
"Williams Ave	1101","N"
"Williams Ct	1101","N"
"Williams Pl	1101","N"
"Williamsburg Pl	1101","N"
"Williamsburg St E	1101","N"
"Williamsburg St W	1101","N"
"Willmohr St	1101","N"
"Willoughby Ave	1101","N"
"Willoughby St	1101","N"
"Willow Pl	1101","N"
"Willow St	1101","N"
"Wilson Ave	1101","N"
"Wilson St	1101","N"
"Windsor Pl	1101","N"
"Winthrop St	1101","N"
"Withers St	1101","N"
"Wogan Terrace	1101","N"
"Wolcott St	1101","N"
"Wolf Pl	1101","N"
"Woodbine St	1101","N"
"Woodhull St	1101","N"
"Woodpoint Rd	1101","N"
"Woodrow Ct	1101","N"
"Woodruff Ave	1101","N"
"Woods Pl	1101","N"
"Woodside Ave	1101","N"
"Wortman Ave	1101","N"
"Wyckoff St	1101","N"
"Wyona St	1101","N"
"Wythe Ave	1101","N"
"Wythe Pl	1101","N"
"Franklin Avenue	1101","N"
"Lawrence Street	1101","N"
"Orange Street	1101","N"
"Richmond Street	1101","N"
"South Myrtle Avenue	1101","N"
"100th Street	1101","N"
"101st Avenue	1101","N"
"101st Street	1101","N"
"10th Avenue	1101","N"
"10th Street	1101","N"
"11th Avenue	1101","N"
"11th Street	1101","N"
"12th Avenue	1101","N"
"12th Street	1101","N"
"13th Avenue	1101","N"
"13th Street	1101","N"
"14th Avenue	1101","N"
"14th Street	1101","N"
"155th Avenue	1101","N"
"15th Avenue	1101","N"
"15th Street	1101","N"
"16th Avenue	1101","N"
"16th Street	1101","N"
"17th Avenue	1101","N"
"17th Court	1101","N"
"17th Street	1101","N"
"18th Avenue	1101","N"
"18th Street	1101","N"
"19th Avenue	1101","N"
"19th Lane	1101","N"
"19th Street	1101","N"
"1st Avenue	1101","N"
"1st Court	1101","N"
"1st Place	1101","N"
"1st Street	1101","N"
"20th Avenue	1101","N"
"20th Drive	1101","N"
"20th Lane	1101","N"
"20th Street	1101","N"
"21st Avenue	1101","N"
"21st Drive	1101","N"
"21st Street	1101","N"
"22nd Avenue	1101","N"
"22nd Street	1101","N"
"23rd Avenue	1101","N"
"23rd Street	1101","N"
"24th Avenue	1101","N"
"24th Street	1101","N"
"25th Avenue	1101","N"
"25th Street	1101","N"
"26th Avenue	1101","N"
"26th Street	1101","N"
"27th Avenue	1101","N"
"27th Street	1101","N"
"28th Avenue	1101","N"
"28th Street	1101","N"
"29th Street	1101","N"
"2nd Avenue	1101","N"
"2nd Place	1101","N"
"2nd Street	1101","N"
"30th Street	1101","N"
"31st Street	1101","N"
"32nd Street	1101","N"
"33rd Street	1101","N"
"34th Street	1101","N"
"35th Street	1101","N"
"36th Street	1101","N"
"37th Street	1101","N"
"38th Street	1101","N"
"39th Street	1101","N"
"3rd Avenue	1101","N"
"3rd Place	1101","N"
"3rd Street	1101","N"
"40th Street	1101","N"
"41st Street	1101","N"
"42nd Street	1101","N"
"43rd Street	1101","N"
"44th Street	1101","N"
"45th Street	1101","N"
"46th Street	1101","N"
"47th Street	1101","N"
"48th Street	1101","N"
"49th Street	1101","N"
"4th Avenue	1101","N"
"4th Place	1101","N"
"4th Street	1101","N"
"50th Street	1101","N"
"51st Street	1101","N"
"52nd Street	1101","N"
"53rd Street	1101","N"
"54th Street	1101","N"
"55th Street	1101","N"
"56th Drive	1101","N"
"56th Street	1101","N"
"57th Street	1101","N"
"58th Street	1101","N"
"59th Street	1101","N"
"5th Avenue	1101","N"
"5th Street	1101","N"
"60th Street	1101","N"
"61st Street	1101","N"
"62nd Street	1101","N"
"63rd Street	1101","N"
"64th Street	1101","N"
"65th Street	1101","N"
"66th Street	1101","N"
"67th Street	1101","N"
"68th Street	1101","N"
"69th Street	1101","N"
"6th Avenue	1101","N"
"6th Street	1101","N"
"70th Street	1101","N"
"71st Street	1101","N"
"72nd Court	1101","N"
"72nd Street	1101","N"
"73rd Street	1101","N"
"74th Street	1101","N"
"76th Street	1101","N"
"77th Street	1101","N"
"78th Street	1101","N"
"79th Street	1101","N"
"7th Avenue	1101","N"
"7th Street	1101","N"
"80th Street	1101","N"
"81st Street	1101","N"
"82nd Street	1101","N"
"83rd Street	1101","N"
"84th Street	1101","N"
"85th Street	1101","N"
"86th Street	1101","N"
"87th Street	1101","N"
"88th Street	1101","N"
"89th Street	1101","N"
"8th Avenue	1101","N"
"8th Street	1101","N"
"90th Street	1101","N"
"91st Street	1101","N"
"92nd Street	1101","N"
"93rd Street	1101","N"
"94th Street	1101","N"
"95th Street	1101","N"
"96th Street	1101","N"
"97th Street	1101","N"
"98th Street	1101","N"
"99th Street	1101","N"
"9th Avenue	1101","N"
"9th Street	1101","N"
"Abbey Court	1101","N"
"Aberdeen Street	1101","N"
"Academy Park Place	1101","N"
"Adams Street	1101","N"
"Adelphi Street	1101","N"
"Adler Place	1101","N"
"Agate Court	1101","N"
"Ainslie Street	1101","N"
"Aitken Place	1101","N"
"Alabama Avenue	1101","N"
"Albany Avenue	1101","N"
"Albemarle Road	1101","N"
"Alice Court	1101","N"
"Allen Avenue	1101","N"
"Alton Place	1101","N"
"Amber Street	1101","N"
"Amboy Street	1101","N"
"Amersfort Place	1101","N"
"Amherst Street	1101","N"
"Amity Street	1101","N"
"Anchorage Place	1101","N"
"Angela Drive	1101","N"
"Anna Court	1101","N"
"Anthony Street	1101","N"
"Apollo Street	1101","N"
"Applegate Court	1101","N"
"Argyle Road	1101","N"
"Arion Place	1101","N"
"Arkansas Drive	1101","N"
"Arlington Avenue	1101","N"
"Arlington Place	1101","N"
"Ash Street	1101","N"
"Ashford Street	1101","N"
"Ashland Place	1101","N"
"Assembly Road	1101","N"
"Aster Court	1101","N"
"Astor Court	1101","N"
"Athlone Court	1101","N"
"Atkins Avenue	1101","N"
"Atlantic Avenue	1101","N"
"Atwater Court	1101","N"
"Auburn Place	1101","N"
"Aurelia Court	1101","N"
"Autumn Avenue	1101","N"
"Autumn Lane	1101","N"
"Avenue North	1101","N"
"Avenue South	1101","N"
"Avenue West	1101","N"
"Aviation Road	1101","N"
"Bainbridge Street	1101","N"
"Balfour Place	1101","N"
"Baltic Street	1101","N"
"Bancroft Place	1101","N"
"Bank Street	1101","N"
"Banker Street	1101","N"
"Banner 3rd Road	1101","N"
"Banner Avenue	1101","N"
"Barberry Court	1101","N"
"Barbey Street	1101","N"
"Barlow Drive North	1101","N"
"Barlow Drive South	1101","N"
"Bartlett Place	1101","N"
"Bartlett Street	1101","N"
"Bassett Avenue	1101","N"
"Batchelder Street	1101","N"
"Bath Avenue	1101","N"
"Battery Avenue	1101","N"
"Baughman Place	1101","N"
"Bay 10th Street	1101","N"
"Bay 11th Street	1101","N"
"Bay 13th Street	1101","N"
"Bay 14th Street	1101","N"
"Bay 16th Street	1101","N"
"Bay 17th Street	1101","N"
"Bay 19th Street	1101","N"
"Bay 20th Street	1101","N"
"Bay 22nd Street	1101","N"
"Bay 23rd Street	1101","N"
"Bay 25th Street	1101","N"
"Bay 26th Street	1101","N"
"Bay 28th Street	1101","N"
"Bay 29th Street	1101","N"
"Bay 31st Street	1101","N"
"Bay 32nd Street	1101","N"
"Bay 34th Street	1101","N"
"Bay 35th Street	1101","N"
"Bay 37th Street	1101","N"
"Bay 38th Street	1101","N"
"Bay 40th Street	1101","N"
"Bay 41st Street	1101","N"
"Bay 43rd Street	1101","N"
"Bay 44th Street	1101","N"
"Bay 46th Street	1101","N"
"Bay 47th Street	1101","N"
"Bay 48th Street	1101","N"
"Bay 49th Street	1101","N"
"Bay 50th Street	1101","N"
"Bay 52nd Street	1101","N"
"Bay 53rd Street	1101","N"
"Bay 54th Street	1101","N"
"Bay 7th Street	1101","N"
"Bay 8th Street	1101","N"
"Bay Avenue	1101","N"
"Bay Court	1101","N"
"Bay Ridge Avenue	1101","N"
"Bay Ridge Place	1101","N"
"Bay Street	1101","N"
"Bay View Court	1101","N"
"Bayard Street	1101","N"
"Bayview Avenue	1101","N"
"Bayview Place	1101","N"
"Beach 37th Street	1101","N"
"Beach 38th Street	1101","N"
"Beach 40th Street	1101","N"
"Beach 42nd Street	1101","N"
"Beach 43rd Street	1101","N"
"Beach 44th Street	1101","N"
"Beach 45th Street	1101","N"
"Beach 46th Street	1101","N"
"Beach 47th Street	1101","N"
"Beach 48th Street	1101","N"
"Beach 49th Street	1101","N"
"Beach 50th Street	1101","N"
"Beach 51st Street	1101","N"
"Beach Place	1101","N"
"Beacon Court	1101","N"
"Beadel Street	1101","N"
"Beard Street	1101","N"
"Beaumont Street	1101","N"
"Beaver Street	1101","N"
"Beayer Place	1101","N"
"Bedell Lane	1101","N"
"Bedford Avenue	1101","N"
"Bedford Place	1101","N"
"Beekman Place	1101","N"
"Belvidere Street	1101","N"
"Bennet Court	1101","N"
"Benson Avenue	1101","N"
"Bergen Avenue	1101","N"
"Bergen Beach Place	1101","N"
"Bergen Court	1101","N"
"Bergen Place	1101","N"
"Bergen Street	1101","N"
"Berkeley Place	1101","N"
"Berriman Street	1101","N"
"Berry Street	1101","N"
"Beverley Road	1101","N"
"Beverly Road	1101","N"
"Bevy Court	1101","N"
"Bijou Avenue	1101","N"
"Billings Place	1101","N"
"Bills Place	1101","N"
"Blake Avenue	1101","N"
"Blake Court	1101","N"
"Bleecker Street	1101","N"
"Boardwalk East	1101","N"
"Boardwalk West	1101","N"
"Boat Avenue	1101","N"
"Boerum Place	1101","N"
"Boerum Street	1101","N"
"Bogart Street	1101","N"
"Bokee Court	1101","N"
"Bond Street	1101","N"
"Borinquen Place	1101","N"
"Bouck Court	1101","N"
"Boulevard Court	1101","N"
"Bowery Street	1101","N"
"Bowne Street	1101","N"
"Box Street	1101","N"
"Boynton Place	1101","N"
"Bradford Street	1101","N"
"Bragg Court	1101","N"
"Bragg Street	1101","N"
"Branton Street	1101","N"
"Brevoort Place	1101","N"
"Bridge Plaza Court	1101","N"
"Bridge Street	1101","N"
"Bridgewater Street	1101","N"
"Brigham Street	1101","N"
"Brighton 10th Court	1101","N"
"Brighton 10th Lane	1101","N"
"Brighton 10th Street	1101","N"
"Brighton 11 Street	1101","N"
"Brighton 12th Street	1101","N"
"Brighton 13th Street	1101","N"
"Brighton 14th Street	1101","N"
"Brighton 15th Street	1101","N"
"Brighton 1st Court	1101","N"
"Brighton 1st Lane	1101","N"
"Brighton 1st Place	1101","N"
"Brighton 1st Road	1101","N"
"Brighton 1st Street	1101","N"
"Brighton 2nd Lane	1101","N"
"Brighton 2nd Place	1101","N"
"Brighton 2nd Street	1101","N"
"Brighton 3rd Court	1101","N"
"Brighton 3rd Lane	1101","N"
"Brighton 3rd Place	1101","N"
"Brighton 3rd Road	1101","N"
"Brighton 3rd Street	1101","N"
"Brighton 4th Court	1101","N"
"Brighton 4th Lane	1101","N"
"Brighton 4th Place	1101","N"
"Brighton 4th Road	1101","N"
"Brighton 4th Street	1101","N"
"Brighton 5th Court	1101","N"
"Brighton 5th Lane	1101","N"
"Brighton 5th Place	1101","N"
"Brighton 5th Street	1101","N"
"Brighton 6th Court	1101","N"
"Brighton 6th Street	1101","N"
"Brighton 7th Court	1101","N"
"Brighton 7th Lane	1101","N"
"Brighton 7th Street	1101","N"
"Brighton 8th Court	1101","N"
"Brighton 8th Lane	1101","N"
"Brighton 8th Place	1101","N"
"Brighton 8th Street	1101","N"
"Brighton Beach Avenue	1101","N"
"Brighton Court	1101","N"
"Brightwater Avenue	1101","N"
"Brightwater Court	1101","N"
"Bristol Street	1101","N"
"Brooklyn Road	1101","N"
"Broome Street	1101","N"
"Brown Street	1101","N"
"Bryant Street	1101","N"
"Buffalo Avenue	1101","N"
"Bulwer Place	1101","N"
"Burnett Street	1101","N"
"Bush Street	1101","N"
"Bushwick Avenue	1101","N"
"Bushwick Court	1101","N"
"Bushwick Place	1101","N"
"Butler Place	1101","N"
"Butler Street	1101","N"
"Cadman Plaza East	1101","N"
"Cadman Plaza West	1101","N"
"Calder Place	1101","N"
"Calhoun Street	1101","N"
"Calyer Street	1101","N"
"Cambridge Place	1101","N"
"Cameron Court	1101","N"
"Campus Place	1101","N"
"Campus Road	1101","N"
"Canal Avenue	1101","N"
"Canarsie Lane	1101","N"
"Canarsie Road	1101","N"
"Canda Avenue	1101","N"
"Canton Court	1101","N"
"Carlton Avenue	1101","N"
"Cary Court	1101","N"
"Cass Place	1101","N"
"Cathedral Place	1101","N"
"Catherine Street	1101","N"
"Caton Avenue	1101","N"
"Caton Place	1101","N"
"Cedar Street	1101","N"
"Celeste Court	1101","N"
"Center Drive	1101","N"
"Center Market Street	1101","N"
"Central Avenue	1101","N"
"Central Drive	1101","N"
"Centre Street	1101","N"
"Channel Avenue	1101","N"
"Chapel Street	1101","N"
"Charles Place	1101","N"
"Chase Court	1101","N"
"Chauncey Avenue	1101","N"
"Chauncey Street	1101","N"
"Cheever Place	1101","N"
"Cherry Street	1101","N"
"Chester Avenue	1101","N"
"Chester Court	1101","N"
"Chester Street	1101","N"
"Chestnut Avenue	1101","N"
"Chestnut Street	1101","N"
"Christopher Avenue	1101","N"
"Church Avenue	1101","N"
"Church Lane	1101","N"
"Clara Street	1101","N"
"Clarendon Road	1101","N"
"Clark Street	1101","N"
"Clarkson Avenue	1101","N"
"Classon Avenue	1101","N"
"Claver Place	1101","N"
"Clay Street	1101","N"
"Clermont Avenue	1101","N"
"Cleveland Street	1101","N"
"Clifford Place	1101","N"
"Clifton Place	1101","N"
"Clinton Avenue	1101","N"
"Clinton Street	1101","N"
"Clove Road	1101","N"
"Clymer Street	1101","N"
"Cobek Court	1101","N"
"Coffey Street	1101","N"
"Colby Court	1101","N"
"Coleman Street	1101","N"
"Coleridge Street	1101","N"
"Coles Street	1101","N"
"Colin Place	1101","N"
"College Place	1101","N"
"Colonial Court	1101","N"
"Colonial Road	1101","N"
"Columbia Place	1101","N"
"Columbia Street	1101","N"
"Columbus Place	1101","N"
"Commerce Street	1101","N"
"Commercial Street	1101","N"
"Concord Street	1101","N"
"Coney Island Avenue	1101","N"
"Congress Street	1101","N"
"Conklin Avenue	1101","N"
"Conover Street	1101","N"
"Conselyea Street	1101","N"
"Conway Street	1101","N"
"Cook Street	1101","N"
"Cooke Court	1101","N"
"Cooper Street	1101","N"
"Corbin Court	1101","N"
"Corbin Place	1101","N"
"Cornelia Street	1101","N"
"Corso Court	1101","N"
"Cortelyou Road	1101","N"
"Court Street	1101","N"
"Cove Lane	1101","N"
"Coventry Road	1101","N"
"Covert Street	1101","N"
"Cox Place	1101","N"
"Coyle Street	1101","N"
"Cozine Avenue	1101","N"
"Cranberry Street	1101","N"
"Crawford Avenue	1101","N"
"Creamer Street	1101","N"
"Crescent Street	1101","N"
"Crooke Avenue	1101","N"
"Cropsey Avenue	1101","N"
"Crosby Avenue	1101","N"
"Cross Street	1101","N"
"Crown Street	1101","N"
"Crystal Street	1101","N"
"Cumberland Street	1101","N"
"Cypress Court	1101","N"
"Cyrus Avenue	1101","N"
"Dahill Road	1101","N"
"Dahl Court	1101","N"
"Dahlgren Place	1101","N"
"Dakota Place	1101","N"
"Danforth Street	1101","N"
"Dank Court	1101","N"
"Dare Court	1101","N"
"De Kalb Av	1101","N"
"De Koven Court	1101","N"
"De Sales Place	1101","N"
"Dean Street	1101","N"
"Dearborn Court	1101","N"
"Debevoise Avenue	1101","N"
"Debevoise Street	1101","N"
"Decatur Avenue	1101","N"
"Decatur Street	1101","N"
"Degraw Street	1101","N"
"Dekalb Avenue	1101","N"
"Delevan Street	1101","N"
"Delmonico Place	1101","N"
"Dennett Place	1101","N"
"Denton Place	1101","N"
"Desmond Court	1101","N"
"Devoe Street	1101","N"
"Devon Avenue	1101","N"
"Dewey Place	1101","N"
"Dewitt Avenue	1101","N"
"Diamond Street	1101","N"
"Dictum Court	1101","N"
"Dikeman Street	1101","N"
"Dinsmore Place	1101","N"
"Ditmars Street	1101","N"
"Ditmas Avenue	1101","N"
"Division Avenue	1101","N"
"Division Place	1101","N"
"Dobbin Street	1101","N"
"Dock Avenue	1101","N"
"Dock Street	1101","N"
"Dodworth Street	1101","N"
"Dooley Street	1101","N"
"Doone Court	1101","N"
"Dorchester Road	1101","N"
"Dorset Street	1101","N"
"Doscher Street	1101","N"
"Doubleday Lane	1101","N"
"Doughty Street	1101","N"
"Douglass Street	1101","N"
"Dover Street	1101","N"
"Downing Street	1101","N"
"Drive Wesley Macdonald Holder Avenue	1101","N"
"Drive Wesley Mcdonald Avenue	1101","N"
"Drive Wesley Mcdonald Holder Avenue	1101","N"
"Drew Street	1101","N"
"Driggs Avenue	1101","N"
"Duffield Street	1101","N"
"Dunham Place	1101","N"
"Dunne Court	1101","N"
"Dunne Place	1101","N"
"Dupont Street	1101","N"
"Durland Place	1101","N"
"Duryea Court	1101","N"
"Duryea Place	1101","N"
"Dwight Street	1101","N"
"Dyker Place	1101","N"
"East 100th Street	1101","N"
"East 101st Street	1101","N"
"East 102nd Street	1101","N"
"East 103rd Street	1101","N"
"East 104th Street	1101","N"
"East 105th Street	1101","N"
"East 106th Street	1101","N"
"East 107th Street	1101","N"
"East 108th Street	1101","N"
"East 10th Street	1101","N"
"East 11th Street	1101","N"
"East 12th Street	1101","N"
"East 13th Street	1101","N"
"East 14th Street	1101","N"
"East 15th Street	1101","N"
"East 16th Street	1101","N"
"East 17th Street	1101","N"
"East 18th Street	1101","N"
"East 19th Street	1101","N"
"East 1st Street	1101","N"
"East 21st Street	1101","N"
"East 22nd Street	1101","N"
"East 23rd Street	1101","N"
"East 24th Street	1101","N"
"East 25th Street	1101","N"
"East 26th Street	1101","N"
"East 27th Street	1101","N"
"East 28th Street	1101","N"
"East 29th Street	1101","N"
"East 2nd Street	1101","N"
"East 31st Street	1101","N"
"East 32nd Street	1101","N"
"East 33rd Street	1101","N"
"East 34th Street	1101","N"
"East 35th Street	1101","N"
"East 36th Street	1101","N"
"East 37th Street	1101","N"
"East 38th Street	1101","N"
"East 39th Street	1101","N"
"East 3rd Street	1101","N"
"East 40th Street	1101","N"
"East 41st Street	1101","N"
"East 42nd Street	1101","N"
"East 43rd Street	1101","N"
"East 45th Street	1101","N"
"East 46th Street	1101","N"
"East 47th Street	1101","N"
"East 48th Street	1101","N"
"East 49th Street	1101","N"
"East 4th Street	1101","N"
"East 51st Street	1101","N"
"East 52nd Street	1101","N"
"East 53rd Place	1101","N"
"East 53rd Street	1101","N"
"East 54th Street	1101","N"
"East 55th Street	1101","N"
"East 56th Street	1101","N"
"East 57th Place	1101","N"
"East 57th Street	1101","N"
"East 58th Street	1101","N"
"East 59th Place	1101","N"
"East 59th Street	1101","N"
"East 5th Street	1101","N"
"East 60th Place	1101","N"
"East 60th Street	1101","N"
"East 61st Street	1101","N"
"East 63rd Street	1101","N"
"East 64th Street	1101","N"
"East 65th Street	1101","N"
"East 66th Street	1101","N"
"East 67th Street	1101","N"
"East 68th Street	1101","N"
"East 69th Street	1101","N"
"East 6th Street	1101","N"
"East 70th Street	1101","N"
"East 71st Street	1101","N"
"East 72nd Street	1101","N"
"East 73rd Street	1101","N"
"East 74th Street	1101","N"
"East 76th Street	1101","N"
"East 77th Street	1101","N"
"East 78th Street	1101","N"
"East 79th Street	1101","N"
"East 7th Street	1101","N"
"East 80th Street	1101","N"
"East 81st Street	1101","N"
"East 82nd Street	1101","N"
"East 83rd Street	1101","N"
"East 84th Street	1101","N"
"East 85th Street	1101","N"
"East 86th Street	1101","N"
"East 87th Street	1101","N"
"East 88th Street	1101","N"
"East 89th Street	1101","N"
"East 8th Street	1101","N"
"East 91st Street	1101","N"
"East 92nd Street	1101","N"
"East 93rd Street	1101","N"
"East 94th Street	1101","N"
"East 95th Street	1101","N"
"East 96th Street	1101","N"
"East 98th Street	1101","N"
"East 99th Street	1101","N"
"East 9th Street	1101","N"
"East Lake Drive	1101","N"
"East Marginal Street	1101","N"
"East New York Avenue	1101","N"
"Eagle Street	1101","N"
"East Drive	1101","N"
"Eaton Court	1101","N"
"Ebony Court	1101","N"
"Eckford Street	1101","N"
"Elizabeth Place	1101","N"
"Ellery Street	1101","N"
"Elm Avenue	1101","N"
"Elm Place	1101","N"
"Elmwood Avenue	1101","N"
"Elton Street	1101","N"
"Emerald Street	1101","N"
"Emerson Place	1101","N"
"Emmers Lane	1101","N"
"Emmons Avenue	1101","N"
"Engert Avenue	1101","N"
"Erasmus Street	1101","N"
"Erik Place	1101","N"
"Erskine Street	1101","N"
"Essex Street	1101","N"
"Etna Street	1101","N"
"Euclid Avenue	1101","N"
"Evans Street	1101","N"
"Everett Avenue	1101","N"
"Evergreen Avenue	1101","N"
"Everit Street	1101","N"
"Exeter Street	1101","N"
"Fair Street	1101","N"
"Fairview Place	1101","N"
"Falmouth Street	1101","N"
"Fanchon Place	1101","N"
"Fane Court	1101","N"
"Fane Court South	1101","N"
"Farragut Place	1101","N"
"Farragut Road	1101","N"
"Farragut Street	1101","N"
"Fay Court	1101","N"
"Fayette Street	1101","N"
"Fenimore Street	1101","N"
"Ferris Street	1101","N"
"Fillmore Avenue	1101","N"
"Fillmore Place	1101","N"
"Fiske Place	1101","N"
"Flatbush Avenue	1101","N"
"Flatland Avenue	1101","N"
"Flatlands 10th Street	1101","N"
"Flatlands 1st Street	1101","N"
"Flatlands 2nd Street	1101","N"
"Flatlands 3rd Street	1101","N"
"Flatlands 4th Street	1101","N"
"Flatlands 5th Street	1101","N"
"Flatlands 6th Street	1101","N"
"Flatlands 7th Street	1101","N"
"Flatlands 8th Street	1101","N"
"Flatlands 9th Street	1101","N"
"Flatlands Avenue	1101","N"
"Fleet Place	1101","N"
"Fleet Street	1101","N"
"Florence Avenue	1101","N"
"Floyd Street	1101","N"
"Flushing Avenue	1101","N"
"Folsom Place	1101","N"
"Forbell Street	1101","N"
"Force Tube Avenue	1101","N"
"Ford Street	1101","N"
"Forest Place	1101","N"
"Forrest Street	1101","N"
"Fort Greene Place	1101","N"
"Fort Hill Place	1101","N"
"Foster Avenue	1101","N"
"Fountain Avenue	1101","N"
"Fountain Street	1101","N"
"Frank Court	1101","N"
"Franklin Street	1101","N"
"Freeman Street	1101","N"
"Fresh Pond Road	1101","N"
"Friel Place	1101","N"
"Front Avenue	1101","N"
"Front Street	1101","N"
"Frost Street	1101","N"
"Fuller Place	1101","N"
"Fulton Street	1101","N"
"Furman Avenue	1101","N"
"Furman Street	1101","N"
"Gain Court	1101","N"
"Gallatin Place	1101","N"
"Garden Place	1101","N"
"Garden Street	1101","N"
"Gardner Avenue	1101","N"
"Garfield Place	1101","N"
"Garland Court	1101","N"
"Garnet Street	1101","N"
"Garvey Avenue	1101","N"
"Gates Avenue	1101","N"
"Gateway Drive	1101","N"
"Gatling Place	1101","N"
"Gaylord Drive North	1101","N"
"Gaylord Drive South	1101","N"
"Gee Avenue	1101","N"
"Gelston Avenue	1101","N"
"Gem Street	1101","N"
"General Lee Avenue	1101","N"
"George Street	1101","N"
"Georgetown Lane	1101","N"
"Georgia Avenue	1101","N"
"Gerald Court	1101","N"
"Gerritsen Avenue	1101","N"
"Gerry Street	1101","N"
"Gilmore Court	1101","N"
"Girard Street	1101","N"
"Glen Street	1101","N"
"Glendale Court	1101","N"
"Glenmore Avenue	1101","N"
"Glenwood Road	1101","N"
"Gold Street	1101","N"
"Goodwin Place	1101","N"
"Gotham Avenue	1101","N"
"Grace Court	1101","N"
"Grace Court Alley	1101","N"
"Grafton Street	1101","N"
"Graham Avenue	1101","N"
"Grand Avenue	1101","N"
"Grand Street	1101","N"
"Granite Street	1101","N"
"Grant Avenue	1101","N"
"Granville Payne Avenue	1101","N"
"Grattan Street	1101","N"
"Gravesend Neck Road	1101","N"
"Gray Court	1101","N"
"Green Street	1101","N"
"Greene Avenue	1101","N"
"Greenpoint Avenue	1101","N"
"Greenwood Avenue	1101","N"
"Gregory Place	1101","N"
"Grimes Drive	1101","N"
"Grimes Road	1101","N"
"Grove Place	1101","N"
"Grove Street	1101","N"
"Guernsey Street	1101","N"
"Guider Avenue	1101","N"
"Gunnison Court	1101","N"
"Gunther Place	1101","N"
"Hale Avenue	1101","N"
"Hall Street	1101","N"
"Halleck Street	1101","N"
"Halsey Street	1101","N"
"Hamilton Avenue	1101","N"
"Hamilton Place	1101","N"
"Hammerhead Avenue	1101","N"
"Hampton Avenue	1101","N"
"Hampton Place	1101","N"
"Hancock Street	1101","N"
"Hanover Place	1101","N"
"Hanson Place	1101","N"
"Harbor Court	1101","N"
"Harbor Lane	1101","N"
"Harbor View Drive	1101","N"
"Harden Street	1101","N"
"Haring Street	1101","N"
"Harkness Avenue	1101","N"
"Harman Street	1101","N"
"Harrison Avenue	1101","N"
"Harrison Place	1101","N"
"Hart Place	1101","N"
"Hart Street	1101","N"
"Harway Avenue	1101","N"
"Harwood Place	1101","N"
"Hastings Street	1101","N"
"Hattie Jones Place	1101","N"
"Hausman Street	1101","N"
"Havemeyer Street	1101","N"
"Havens Place	1101","N"
"Hawthorne Street	1101","N"
"Hazel Court	1101","N"
"Heath Place	1101","N"
"Hegeman Avenue	1101","N"
"Hemlock Street	1101","N"
"Hendrickson Place	1101","N"
"Hendrickson Street	1101","N"
"Hendrix Street	1101","N"
"Henry Street	1101","N"
"Herbert Street	1101","N"
"Herkimer Court	1101","N"
"Herkimer Place	1101","N"
"Herkimer Street	1101","N"
"Herzl Street	1101","N"
"Hewes Street	1101","N"
"Heyward Street	1101","N"
"Hicks Street	1101","N"
"Highland Avenue	1101","N"
"Highland Place	1101","N"
"Highland View Avenue	1101","N"
"Highlawn Avenue	1101","N"
"Hill Street	1101","N"
"Hillel Place	1101","N"
"Himrod Street	1101","N"
"Hinckley Place	1101","N"
"Hinsdale Street	1101","N"
"Hitchings Avenue	1101","N"
"Holly Street	1101","N"
"Holmes Lane	1101","N"
"Holt Court	1101","N"
"Homecrest Avenue	1101","N"
"Homecrest Court	1101","N"
"Hooper Street	1101","N"
"Hope Street	1101","N"
"Hopkins Street	1101","N"
"Hopkinson Avenue	1101","N"
"Horace Court	1101","N"
"Howard Avenue	1101","N"
"Howard Place	1101","N"
"Hoyt Street	1101","N"
"Hoyts Lane	1101","N"
"Hubbard Place	1101","N"
"Hubbard Street	1101","N"
"Hudson Avenue	1101","N"
"Hull Street	1101","N"
"Humboldt Street	1101","N"
"Hunter Avenue	1101","N"
"Hunterfly Place	1101","N"
"Huntington Street	1101","N"
"Hunts Lane	1101","N"
"Huron Street	1101","N"
"Hutchinson Court	1101","N"
"Hyman Court	1101","N"
"Hymen Court	1101","N"
"Ide Court	1101","N"
"Imlay Street	1101","N"
"Independence Avenue	1101","N"
"India Street	1101","N"
"Indiana Place	1101","N"
"Ingraham Street	1101","N"
"Ira Court	1101","N"
"Irving Place	1101","N"
"Irving Street	1101","N"
"Irvington Place	1101","N"
"Irwin Street	1101","N"
"Ivan Court	1101","N"
"Ivy Hill Road	1101","N"
"Jackson Court	1101","N"
"Jackson Place	1101","N"
"Jackson Street	1101","N"
"Jaffray Street	1101","N"
"Jamaica Avenue	1101","N"
"Jardine Place	1101","N"
"Java Street	1101","N"
"Jay Avenue	1101","N"
"Jay Street	1101","N"
"Jefferson Avenue	1101","N"
"Jefferson Street	1101","N"
"Jerome Avenue	1101","N"
"Jerome Street	1101","N"
"Jewel Street	1101","N"
"Jewell Mckoy Lane	1101","N"
"Jodie Court	1101","N"
"John Street	1101","N"
"Johnson Avenue	1101","N"
"Johnson Place	1101","N"
"Johnson Street	1101","N"
"Joralemon Street	1101","N"
"Joval Court	1101","N"
"Judge Street	1101","N"
"Juliana Place	1101","N"
"Junius Street	1101","N"
"Just Court	1101","N"
"Kane Place	1101","N"
"Kane Street	1101","N"
"Kansas Place	1101","N"
"Karweg Place	1101","N"
"Kathleen Court	1101","N"
"Kaufman Place	1101","N"
"Kay Avenue	1101","N"
"Kay Court	1101","N"
"Keap Street	1101","N"
"Keen Court	1101","N"
"Kenilworth Place	1101","N"
"Kenmore Court	1101","N"
"Kenmore Place	1101","N"
"Kensington Street	1101","N"
"Kent Avenue	1101","N"
"Kent Street	1101","N"
"Kermit Place	1101","N"
"Kiely Place	1101","N"
"Kimball Street	1101","N"
"King Street	1101","N"
"Kings Place	1101","N"
"Kingsland Avenue	1101","N"
"Kingston Avenue	1101","N"
"Kingsway Place	1101","N"
"Knapp Street	1101","N"
"Knight Court	1101","N"
"Kosciusko Street	1101","N"
"Kosciuszko Street	1101","N"
"Kossuth Place	1101","N"
"Krier Place	1101","N"
"Lacon Court	1101","N"
"Lafayette Avenue	1101","N"
"Lake Avenue	1101","N"
"Lake Place	1101","N"
"Lake Street	1101","N"
"Lama Court	1101","N"
"Lamont Court	1101","N"
"Lancaster Avenue	1101","N"
"Landis Court	1101","N"
"Langham Street	1101","N"
"Laurel Avenue	1101","N"
"Lawn Court	1101","N"
"Lawrence Avenue	1101","N"
"Lawton Street	1101","N"
"Lee Avenue	1101","N"
"Lefferts Avenue	1101","N"
"Lefferts Place	1101","N"
"Legion Street	1101","N"
"Leif Ericson Drive	1101","N"
"Lenox Road	1101","N"
"Leonard Street	1101","N"
"Leonora Court	1101","N"
"Lester Court	1101","N"
"Lewis Av	1101","N"
"Lewis Avenue	1101","N"
"Lewis Place	1101","N"
"Lexington Avenue	1101","N"
"Liberty Avenue	1101","N"
"Lincoln Avenue	1101","N"
"Lincoln Place	1101","N"
"Lincoln Road	1101","N"
"Linden Street	1101","N"
"Linwood Street	1101","N"
"Little Nassau Street	1101","N"
"Little Street	1101","N"
"Livingston Street	1101","N"
"Livonia Avenue	1101","N"
"Lloyd Court	1101","N"
"Lloyd Street	1101","N"
"Locust Avenue	1101","N"
"Locust Street	1101","N"
"Logan Street	1101","N"
"Lois Avenue	1101","N"
"Lombardy Street	1101","N"
"Lorimer Street	1101","N"
"Loring Avenue	1101","N"
"Lorraine Street	1101","N"
"Lott Avenue	1101","N"
"Lott Place	1101","N"
"Lott Street	1101","N"
"Lotts Lane	1101","N"
"Louis Place	1101","N"
"Louisa Street	1101","N"
"Louisiana Avenue	1101","N"
"Love Lane	1101","N"
"Ludlam Place	1101","N"
"Luquer Street	1101","N"
"Lyme Avenue	1101","N"
"Lynch Street	1101","N"
"Macarthur Road	1101","N"
"Macdougal Street	1101","N"
"Mackenzie Street	1101","N"
"Macon Street	1101","N"
"Madeline Court	1101","N"
"Madison Place	1101","N"
"Madison Street	1101","N"
"Madoc Avenue	1101","N"
"Malbone Street	1101","N"
"Malta Street	1101","N"
"Manhattan Avenue	1101","N"
"Manhattan Court	1101","N"
"Manor Court	1101","N"
"Maple Avenue	1101","N"
"Maple Street	1101","N"
"Marconi Place	1101","N"
"Marcus Garvey Avenue	1101","N"
"Marcy Avenue	1101","N"
"Margaret Court	1101","N"
"Marginal Street East	1101","N"
"Marginal Street West	1101","N"
"Marine Avenue	1101","N"
"Marion Street	1101","N"
"Market Street	1101","N"
"Marlborough Road	1101","N"
"Marshall Drive	1101","N"
"Marshall Street	1101","N"
"Martense Court	1101","N"
"Martense Street	1101","N"
"Martin Luther King Place	1101","N"
"Maspeth Avenue	1101","N"
"Matthews Court	1101","N"
"Matthews Place	1101","N"
"Maujer Street	1101","N"
"Mayfair Drive North	1101","N"
"Mayfair Drive South	1101","N"
"Mc Clancy Place	1101","N"
"Mc Donough Avenue	1101","N"
"Mc Kenny Street	1101","N"
"Mcdonald Avenue	1101","N"
"Mckeever Place	1101","N"
"Mckibben Street	1101","N"
"Mckibbin Street	1101","N"
"Mckinley Avenue	1101","N"
"Meadow Street	1101","N"
"Meeker Avenue	1101","N"
"Melba Court	1101","N"
"Melrose Street	1101","N"
"Menahan Street	1101","N"
"Merit Court	1101","N"
"Mermaid Avenue	1101","N"
"Meserole Avenue	1101","N"
"Meserole Street	1101","N"
"Metropolitan Avenue	1101","N"
"Miami Court	1101","N"
"Micieli Place	1101","N"
"Middagh Street	1101","N"
"Middleton Street	1101","N"
"Midwood Street	1101","N"
"Milford Street	1101","N"
"Mill Avenue	1101","N"
"Mill Lane	1101","N"
"Mill Road	1101","N"
"Mill Street	1101","N"
"Miller Avenue	1101","N"
"Miller Place	1101","N"
"Milton Street	1101","N"
"Minna Street	1101","N"
"Moffat Street	1101","N"
"Monaco Place	1101","N"
"Monitor Street	1101","N"
"Monroe Place	1101","N"
"Monroe Street	1101","N"
"Monsignor Delveccio Place	1101","N"
"Montague Street	1101","N"
"Montana Place	1101","N"
"Montauk Avenue	1101","N"
"Montauk Court	1101","N"
"Montgomery Place	1101","N"
"Montgomery Street	1101","N"
"Montieth Street	1101","N"
"Montrose Avenue	1101","N"
"Moore Place	1101","N"
"Moore Street	1101","N"
"Morgan Avenue	1101","N"
"Morris Avenue	1101","N"
"Morton Street	1101","N"
"Moultrie Street	1101","N"
"Murdock Court	1101","N"
"Myrtle Avenue	1101","N"
"North 10th Street	1101","N"
"North 11th Street	1101","N"
"North 12th Street	1101","N"
"North 13th Street	1101","N"
"North 14th Street	1101","N"
"North 15th Street	1101","N"
"North 1st Street	1101","N"
"North 3rd Street	1101","N"
"North 4th Street	1101","N"
"North 5th Street	1101","N"
"North 6th Street	1101","N"
"North 7th Street	1101","N"
"North 8th Street	1101","N"
"North 9th Street	1101","N"
"North Conduit Blvd	1101","N"
"North Elliot Place	1101","N"
"North Elliott Place	1101","N"
"North Elliott Walk	1101","N"
"North Grimes Road	1101","N"
"North Henry Street	1101","N"
"North Market Street	1101","N"
"North Oxford Street	1101","N"
"North Oxford Walk	1101","N"
"North Portland Avenue	1101","N"
"North State Road	1101","N"
"Narrows Avenue	1101","N"
"Nassau Avenue	1101","N"
"Nassau Street	1101","N"
"National Drive	1101","N"
"Nautilus Avenue	1101","N"
"Navy Street	1101","N"
"Neck Road	1101","N"
"Nelson Street	1101","N"
"Neptune Avenue	1101","N"
"Neptune Court	1101","N"
"Nevins Street	1101","N"
"New Dock Street	1101","N"
"New Jersey Avenue	1101","N"
"New Lots Avenue	1101","N"
"New Utrecht Avenue	1101","N"
"New York Avenue	1101","N"
"Newel Street	1101","N"
"Newkirk Avenue	1101","N"
"Newport Street	1101","N"
"Newton Street	1101","N"
"Nicholas J Sciarra Place	1101","N"
"Nichols Avenue	1101","N"
"Nixon Court	1101","N"
"Noble Street	1101","N"
"Noel Avenue	1101","N"
"Nolans Lane	1101","N"
"Noll Street	1101","N"
"Norfolk Street	1101","N"
"Norman Avenue	1101","N"
"Norwood Avenue	1101","N"
"Nostrand Avenue	1101","N"
"Nova Court	1101","N"
"O Brien Place	1101","N"
"Oak Street	1101","N"
"Oakland Place	1101","N"
"Ocean Avenue	1101","N"
"Ocean Court	1101","N"
"Oceana Drive East	1101","N"
"Oceana Drive West	1101","N"
"Oceanic Avenue	1101","N"
"Oceanview Avenue	1101","N"
"Old Dock Street	1101","N"
"Old Fulton Street	1101","N"
"Old Mill Road	1101","N"
"Old New Utrecht Road	1101","N"
"Olean Street	1101","N"
"Olive Street	1101","N"
"Oliver Street	1101","N"
"Onderdonk Avenue	1101","N"
"Opal Court	1101","N"
"Oratory Place	1101","N"
"Ordnance Avenue	1101","N"
"Orient Avenue	1101","N"
"Oriental Court	1101","N"
"Oriental Street	1101","N"
"Osborn Street	1101","N"
"Otsego Street	1101","N"
"Overbaugh Place	1101","N"
"Ovington Avenue	1101","N"
"Ovington Court	1101","N"
"Owls Head Court	1101","N"
"Oxford Street	1101","N"
"Pacific Street	1101","N"
"Paerdegat 10th Street	1101","N"
"Paerdegat 11th Street	1101","N"
"Paerdegat 12th Street	1101","N"
"Paerdegat 13th Street	1101","N"
"Paerdegat 14th Street	1101","N"
"Paerdegat 15th Street	1101","N"
"Paerdegat 1st Street	1101","N"
"Paerdegat 2nd Street	1101","N"
"Paerdegat 3rd Street	1101","N"
"Paerdegat 4th Street	1101","N"
"Paerdegat 5th Street	1101","N"
"Paerdegat 6th Street	1101","N"
"Paerdegat 7th Street	1101","N"
"Paerdegat 8th Street	1101","N"
"Paerdegat 9th Street	1101","N"
"Paerdegat Avenue North	1101","N"
"Paerdegat Avenue South	1101","N"
"Paidge Avenue	1101","N"
"Palm Court	1101","N"
"Palmetto Street	1101","N"
"Parade Place	1101","N"
"Park Avenue	1101","N"
"Park Place	1101","N"
"Park Street	1101","N"
"Parkside Avenue	1101","N"
"Parkside Court	1101","N"
"Parkville Avenue	1101","N"
"Parkway Court	1101","N"
"Parrott Place	1101","N"
"Patchen Avenue	1101","N"
"Paulding Street	1101","N"
"Pearl Street	1101","N"
"Pearson Street	1101","N"
"Pembroke Street	1101","N"
"Pence Street	1101","N"
"Penn Street	1101","N"
"Pennsylvania Avenue	1101","N"
"Perry Avenue	1101","N"
"Perry Place	1101","N"
"Pierrepont Place	1101","N"
"Pierrepont Street	1101","N"
"Pilling Street	1101","N"
"Pine Street	1101","N"
"Pineapple Street	1101","N"
"Pioneer Street	1101","N"
"Pitkin Avenue	1101","N"
"Plaza Street East	1101","N"
"Plaza Street West	1101","N"
"Pleasant Place	1101","N"
"Plumb 1st Street	1101","N"
"Plumb 2nd Street	1101","N"
"Plumb 3rd Street	1101","N"
"Plymouth Street	1101","N"
"Polar Street	1101","N"
"Polhemus Place	1101","N"
"Poly Place	1101","N"
"Poplar Avenue	1101","N"
"Poplar Street	1101","N"
"Portal Street	1101","N"
"Porter Avenue	1101","N"
"Post Court	1101","N"
"Powell Street	1101","N"
"Powers Street	1101","N"
"Prescott Place	1101","N"
"President Street	1101","N"
"Preston Court	1101","N"
"Prince Street	1101","N"
"Prospect Avenue	1101","N"
"Prospect Place	1101","N"
"Prospect Street	1101","N"
"Provost Street	1101","N"
"Pulaski Street	1101","N"
"Putnam Avenue	1101","N"
"Quay Street	1101","N"
"Quentin Road	1101","N"
"Quentin Street	1101","N"
"Quincy Street	1101","N"
"Quisenbury Drive	1101","N"
"Rabbi Block Street	1101","N"
"Radde Place	1101","N"
"Railroad Avenue	1101","N"
"Raleigh Place	1101","N"
"Ralph Avenue	1101","N"
"Randolph Street	1101","N"
"Rapelye Street	1101","N"
"Red Cross Place	1101","N"
"Red Hook Lane	1101","N"
"Reed Street	1101","N"
"Reeve Place	1101","N"
"Regent Place	1101","N"
"Reid Avenue	1101","N"
"Remsen Avenue	1101","N"
"Remsen Street	1101","N"
"Renaissance Court	1101","N"
"Revere Place	1101","N"
"Rewe Street	1101","N"
"Richards Street	1101","N"
"Richardson Street	1101","N"
"Ridge Court	1101","N"
"Ridgewood Avenue	1101","N"
"Ridgewood Place	1101","N"
"River Street	1101","N"
"Riverdale Avenue	1101","N"
"Robert Place	1101","N"
"Rochester Avenue	1101","N"
"Rock Street	1101","N"
"Rockaway Avenue	1101","N"
"Rockwell Place	1101","N"
"Roder Avenue	1101","N"
"Rodney Street	1101","N"
"Roebling Street	1101","N"
"Rogers Avenue	1101","N"
"Roosevelt Court	1101","N"
"Roosevelt Lane	1101","N"
"Roosevelt Place	1101","N"
"Rose Street	1101","N"
"Ross Street	1101","N"
"Rost Place	1101","N"
"Royce Place	1101","N"
"Royce Street	1101","N"
"Rugby Road	1101","N"
"Russell Street	1101","N"
"Rutherford Place	1101","N"
"Rutland Road	1101","N"
"Rutledge Street	1101","N"
"Ryder Avenue	1101","N"
"Ryder Street	1101","N"
"Ryerson Street	1101","N"
"South 10th Street	1101","N"
"South 11th Street	1101","N"
"South 1st Street	1101","N"
"South 2nd Street	1101","N"
"South 3rd Street	1101","N"
"South 4th Street	1101","N"
"South 5th Place	1101","N"
"South 5th Street	1101","N"
"South 6th Street	1101","N"
"South 8th Street	1101","N"
"South 9th Street	1101","N"
"South Conduit Blvd	1101","N"
"South Elliott Place	1101","N"
"South Lake Drive	1101","N"
"South Market Street	1101","N"
"South Oxford Street	1101","N"
"South Portland Avenue	1101","N"
"Sackett Street	1101","N"
"Sackman Street	1101","N"
"Sands Street	1101","N"
"Sanford Street	1101","N"
"Saratoga Avenue	1101","N"
"Schaefer Street	1101","N"
"Schenck Avenue	1101","N"
"Schenck Court	1101","N"
"Schenck Place	1101","N"
"Schenck Street	1101","N"
"Schenectady Avenue	1101","N"
"Schermerhorn Street	1101","N"
"Scholes Street	1101","N"
"School Lane	1101","N"
"Schroeders Avenue	1101","N"
"Schum Avenue	1101","N"
"Scott Avenue	1101","N"
"Sea Breeze Avenue	1101","N"
"Sea Breeze Court	1101","N"
"Sea Gate Avenue	1101","N"
"Sea Place	1101","N"
"Seabring Street	1101","N"
"Seaview Avenue	1101","N"
"Seaview Court	1101","N"
"Seawall Avenue	1101","N"
"Seba Avenue	1101","N"
"Sedgwick Place	1101","N"
"Sedgwick Street	1101","N"
"Seeley Street	1101","N"
"Seigel Court	1101","N"
"Seigel Street	1101","N"
"Senator Street	1101","N"
"Seton Place	1101","N"
"Shale Street	1101","N"
"Sharon Street	1101","N"
"Sheepshead Bay Road	1101","N"
"Sheffield Avenue	1101","N"
"Shell Road	1101","N"
"Shepherd Avenue	1101","N"
"Sheridan Avenue	1101","N"
"Sherlock Place	1101","N"
"Sherman Street	1101","N"
"Ship Ways Avenue	1101","N"
"Shore Court	1101","N"
"Shore Parkway State Road South	1101","N"
"Shore Pkwy North	1101","N"
"Shore Pkwy South	1101","N"
"Shore Road	1101","N"
"Shore Road Drive	1101","N"
"Shore Road Lane	1101","N"
"Sidney Place	1101","N"
"Sigourney Street	1101","N"
"Skidmore Avenue	1101","N"
"Skidmore Lane	1101","N"
"Skidmore Place	1101","N"
"Skillman Avenue	1101","N"
"Skillman Street	1101","N"
"Sloan Place	1101","N"
"Slocum Place	1101","N"
"Smith Street	1101","N"
"Smiths Lane	1101","N"
"Snediker Avenue	1101","N"
"Snyder Avenue	1101","N"
"Somers Street	1101","N"
"South Street	1101","N"
"Southgate Court	1101","N"
"Spencer Court	1101","N"
"Spencer Place	1101","N"
"Spencer Street	1101","N"
"Spruce Avenue	1101","N"
"Street Andrews Place	1101","N"
"Street Charles Place	1101","N"
"Street Edwards Street	1101","N"
"Street Felix Street	1101","N"
"Street Francis Place	1101","N"
"Street James Place	1101","N"
"Street Johns Place	1101","N"
"Street Jude Place	1101","N"
"Street Marks Avenue	1101","N"
"Street Marks Place	1101","N"
"Street Nicholas Avenue	1101","N"
"Street Pauls Court	1101","N"
"Stagg Street	1101","N"
"Stanhope Street	1101","N"
"Stanley Avenue	1101","N"
"Stanton Road	1101","N"
"Stanwix Street	1101","N"
"Starr Street	1101","N"
"State Street	1101","N"
"Stephens Court	1101","N"
"Sterling Drive	1101","N"
"Sterling Place	1101","N"
"Sterling Street	1101","N"
"Steuben Street	1101","N"
"Stewart Avenue	1101","N"
"Stewart Street	1101","N"
"Stillwell Avenue	1101","N"
"Stillwell Place	1101","N"
"Stillwell's Place	1101","N"
"Stockholm Street	1101","N"
"Stockton Street	1101","N"
"Stoddard Place	1101","N"
"Stone Avenue	1101","N"
"Stonewall Jackson Drive	1101","N"
"Story Court	1101","N"
"Story Street	1101","N"
"Stratford Road	1101","N"
"Strauss Street	1101","N"
"Strickland Avenue	1101","N"
"Strong Place	1101","N"
"Stryker Court	1101","N"
"Stryker Street	1101","N"
"Stuart Street	1101","N"
"Stuyvesant Avenue	1101","N"
"Sullivan Place	1101","N"
"Sullivan Street	1101","N"
"Summit Street	1101","N"
"Sumner Avenue	1101","N"
"Sumner Place	1101","N"
"Sumpter Street	1101","N"
"Sunnyside Avenue	1101","N"
"Sunnyside Court	1101","N"
"Sunset Court	1101","N"
"Surf Avenue	1101","N"
"Sutter Avenue	1101","N"
"Sutton Street	1101","N"
"Suydam Place	1101","N"
"Suydam Street	1101","N"
"Taaffe Place	1101","N"
"Tabor Court	1101","N"
"Tampa Court	1101","N"
"Tapscott Avenue	1101","N"
"Tapscott Street	1101","N"
"Taylor Street	1101","N"
"Tech Place	1101","N"
"Tehama Street	1101","N"
"Temple Court	1101","N"
"Ten Eyck Street	1101","N"
"Tennis Court	1101","N"
"Terrace Place	1101","N"
"Thames Street	1101","N"
"Thatford Avenue	1101","N"
"Thomas South Boyland Street	1101","N"
"Thomas Street	1101","N"
"Thornton Street	1101","N"
"Throop Avenue	1101","N"
"Tiffany Place	1101","N"
"Tilden Avenue	1101","N"
"Tillary Street	1101","N"
"Tompkins Avenue	1101","N"
"Tompkins Place	1101","N"
"Townsend Street	1101","N"
"Troutman Street	1101","N"
"Troy Avenue	1101","N"
"Trucklemans Lane	1101","N"
"Truxton Street	1101","N"
"Turnbull Avenue	1101","N"
"Turner Place	1101","N"
"Twin Pines Drive East	1101","N"
"Underhill Avenue	1101","N"
"Union Avenue	1101","N"
"Union Street	1101","N"
"Utica Avenue	1101","N"
"V Avenue	1101","N"
"Van Brunt Street	1101","N"
"Van Buren Street	1101","N"
"Van Dyke Street	1101","N"
"Van Sicklen Street	1101","N"
"Van Siclen Avenue	1101","N"
"Van Siclen Court	1101","N"
"Van Sinderen Avenue	1101","N"
"Vandalia Avenue	1101","N"
"Vanderbilt Avenue	1101","N"
"Vanderbilt Street	1101","N"
"Vanderveer Place	1101","N"
"Vanderveer Street	1101","N"
"Vandervoort Avenue	1101","N"
"Vandervoort Place	1101","N"
"Vandevoort Avenue	1101","N"
"Varet Street	1101","N"
"Varick Avenue	1101","N"
"Varick Street	1101","N"
"Varkens Hook Road	1101","N"
"Verandah Place	1101","N"
"Vermont Avenue	1101","N"
"Vermont Court	1101","N"
"Vermont Street	1101","N"
"Vernon Avenue	1101","N"
"Verona Place	1101","N"
"Verona Street	1101","N"
"Veronica Place	1101","N"
"Veterans Avenue	1101","N"
"Victor Road	1101","N"
"Village Court	1101","N"
"Village Road East	1101","N"
"Village Road North	1101","N"
"Village Road South	1101","N"
"Vine Street	1101","N"
"Virginia Place	1101","N"
"Visitation Place	1101","N"
"Vista Place	1101","N"
"Voorhies Avenue	1101","N"
"West 10th Street	1101","N"
"West 11th Street	1101","N"
"West 12th Street	1101","N"
"West 13th Street	1101","N"
"West 15th Place	1101","N"
"West 15th Street	1101","N"
"West 16th Street	1101","N"
"West 17th Street	1101","N"
"West 19th Street	1101","N"
"West 1st Street	1101","N"
"West 20th Street	1101","N"
"West 21st Street	1101","N"
"West 22nd Street	1101","N"
"West 23rd Street	1101","N"
"West 24th Street	1101","N"
"West 25th Street	1101","N"
"West 27th Street	1101","N"
"West 28th Street	1101","N"
"West 29th Street	1101","N"
"West 2nd Place	1101","N"
"West 2nd Street	1101","N"
"West 30th Street	1101","N"
"West 31st Street	1101","N"
"West 32nd Street	1101","N"
"West 33rd Street	1101","N"
"West 35th Street	1101","N"
"West 36th Street	1101","N"
"West 37th Street	1101","N"
"West 3rd Street	1101","N"
"West 4th Street	1101","N"
"West 5th Street	1101","N"
"West 6th Street	1101","N"
"West 7th Street	1101","N"
"West 8th Street	1101","N"
"West 9th Street	1101","N"
"West Brighton Avenue	1101","N"
"West Lake Drive	1101","N"
"West Marginal Street	1101","N"
"Wainwright Drive	1101","N"
"Wakeman Place	1101","N"
"Waldane Court	1101","N"
"Waldorf Court	1101","N"
"Walke Avenue	1101","N"
"Wallabout Street	1101","N"
"Wallaston Court	1101","N"
"Walsh Court	1101","N"
"Walton Street	1101","N"
"Walworth Street	1101","N"
"Warren Place	1101","N"
"Warren Street	1101","N"
"Warrington Avenue	1101","N"
"Warsoff Place	1101","N"
"Warwick Street	1101","N"
"Washington Avenue	1101","N"
"Washington Drive	1101","N"
"Washington Street	1101","N"
"Water Street	1101","N"
"Waterbury Street	1101","N"
"Watkins Street	1101","N"
"Waverly Avenue	1101","N"
"Weber Avenue	1101","N"
"Webers Court	1101","N"
"Webster Avenue	1101","N"
"Webster Place	1101","N"
"Weirfield Street	1101","N"
"Welding Road	1101","N"
"Weldon Street	1101","N"
"Wellington Court	1101","N"
"Wells Street	1101","N"
"West Avenue	1101","N"
"West Drive	1101","N"
"West End Avenue	1101","N"
"West Street	1101","N"
"Westbury Court	1101","N"
"Westminster Road	1101","N"
"Westshore Avenue	1101","N"
"Wharton Place	1101","N"
"Whipple Street	1101","N"
"White Avenue	1101","N"
"White Street	1101","N"
"Whitman Drive	1101","N"
"Whitney Avenue	1101","N"
"Whitney Place	1101","N"
"Whitty Lane	1101","N"
"Whitwell Place	1101","N"
"Will Place	1101","N"
"Williams Avenue	1101","N"
"Williams Court	1101","N"
"Williams Place	1101","N"
"Williamsburg Place	1101","N"
"Williamsburg Street East	1101","N"
"Williamsburg Street West	1101","N"
"Willmohr Street	1101","N"
"Willoughby Avenue	1101","N"
"Willoughby Street	1101","N"
"Willow Place	1101","N"
"Willow Street	1101","N"
"Wilson Avenue	1101","N"
"Wilson Street	1101","N"
"Windsor Place	1101","N"
"Winthrop Street	1101","N"
"Withers Street	1101","N"
"Wolcott Street	1101","N"
"Wolf Place	1101","N"
"Woodbine Street	1101","N"
"Woodhull Street	1101","N"
"Woodpoint Road	1101","N"
"Woodrow Court	1101","N"
"Woodruff Avenue	1101","N"
"Woods Place	1101","N"
"Woodside Avenue	1101","N"
"Wortman Avenue	1101","N"
"Wyckoff Street	1101","N"
"Wyona Street	1101","N"
"Wythe Avenue	1101","N"
"Wythe Place	1101","N"
