<?xml version="1.0" encoding="utf-8"?>
<typeSystemDescription xmlns="http://uima.apache.org/resourceSpecifier">
  <name>brooklyn_streets-ts</name>
  <description>brooklyn_streets</description>
  <version></version>
  <vendor></vendor>
  <types>
    <typeDescription>
      <name>com.northrup_grumman.Brooklyn_streets</name>
      <description>brooklyn_streets</description>
      <supertypeName>uima.tt.DictionaryEntryAnnotation</supertypeName>
    </typeDescription>
    </types>
</typeSystemDescription>
