<?xml version="1.0" encoding="utf-8"?>
<typeSystemDescription xmlns="http://uima.apache.org/resourceSpecifier">
  <name>nyc_boroughs-ts</name>
  <description>nyc_boroughs</description>
  <version></version>
  <vendor></vendor>
  <types>
    <typeDescription>
      <name>com.northrup_grumman.Nyc_boroughs</name>
      <description>nyc_boroughs</description>
      <supertypeName>uima.tt.DictionaryEntryAnnotation</supertypeName>
    </typeDescription>
    </types>
</typeSystemDescription>
