<?xml version="1.0" encoding="utf-8"?>
<typeSystemDescription xmlns="http://uima.apache.org/resourceSpecifier">
  <name>staten_island_streets-ts</name>
  <description>staten_island_streets</description>
  <version></version>
  <vendor></vendor>
  <types>
    <typeDescription>
      <name>com.northrup_grumman.Staten_island_streets</name>
      <description>staten_island_streets</description>
      <supertypeName>uima.tt.DictionaryEntryAnnotation</supertypeName>
    </typeDescription>
    </types>
</typeSystemDescription>
