<?xml version="1.0" encoding="utf-8"?>
<typeSystemDescription xmlns="http://uima.apache.org/resourceSpecifier">
  <name>street_suffixes-ts</name>
  <description>street_suffixes</description>
  <version></version>
  <vendor></vendor>
  <types>
    <typeDescription>
      <name>com.northrup_grumman.Street_suffixes</name>
      <description>street_suffixes</description>
      <supertypeName>uima.tt.DictionaryEntryAnnotation</supertypeName>
    </typeDescription>
    </types>
</typeSystemDescription>
