"DELETED","RULESET","RULETYPE","LABEL","ORIGINALTEXT","DATECREATED","DATEMODIFIED","RULEID","CASCADELEVEL","RULENUM","SOURCEDOC","SURROUNDINGTEXT","INPUTMODEL","OUTPUTMODEL","AFSTRULE","TYPELIST","SHORTDESC","AUTHOR"
"N","Default","Character","space","thief is","2016-01-05T14:45:59.922","2016-01-07T14:58:07.024","7BA4C0AC433D678AA486E71A8499E5B7","0","1","sample_crime_report.txt","","<?xml version=""1.0"" encoding=""UTF-8""?><treeModel><node deleted=""no"" id="""" isNegative=""no"" isReference=""no"" isRegex=""no"" label="""" nodeImplementation=""Input"" originalValue=""Input"" reqd=""1"" type=""0"" value=""Input""><node deleted=""no"" id="""" isNegative=""no"" isReference=""no"" isRegex=""no"" label="""" nodeImplementation=""Input"" originalValue=""Character"" reqd=""1"" type=""1"" value=""Character""><node deleted=""no"" id=""1"" isNegative=""no"" isReference=""no"" isRegex=""no"" label="""" nodeImplementation=""Input"" originalValue=""Space_Separator"" qualifiedName=""com.northrup_grumman.Space_Separator"" reqd=""3"" supertype=""uima.tcas.Annotation"" type=""27"" value=""Space_Separator""><alternate><node deleted=""no"" id=""1"" isNegative=""no"" isReference=""no"" isRegex=""no"" label="""" nodeImplementation=""Input"" originalValue=""Any Character"" qualifiedName=""com.northrup_grumman.Any Character"" reqd=""1"" supertype=""uima.tcas.Annotation"" type=""27"" value=""Any Character""><node deleted=""no"" id=""1.1"" isNegative=""no"" isReference=""no"" isRegex=""no"" label=""Features"" nodeImplementation=""Input"" originalValue="""" reqd=""1"" type=""9"" value=""""><node deleted=""no"" id=""1.1.1"" isNegative=""no"" isReference=""no"" isRegex=""no"" label=""Unicode Script"" nodeImplementation=""Input"" originalValue=""COMMON"" reqd=""0"" type=""3"" value=""COMMON""/></node></node><node deleted=""no"" id=""1"" isNegative=""no"" isReference=""no"" isRegex=""no"" label="""" nodeImplementation=""Input"" originalValue=""Character Sequence"" qualifiedName=""com.northrup_grumman.Character Sequence"" reqd=""1"" supertype=""uima.tcas.Annotation"" type=""27"" value=""Character Sequence""><node deleted=""no"" id=""1.1"" isNegative=""no"" isReference=""no"" isRegex=""no"" label=""Features"" nodeImplementation=""Input"" originalValue="""" reqd=""1"" type=""9"" value=""""><node deleted=""no"" id=""1.1.1"" isNegative=""no"" isReference=""no"" isRegex=""no"" label=""Covered Text"" nodeImplementation=""Input"" originalValue="" "" reqd=""1"" type=""3"" value="" ""/></node></node></alternate><node deleted=""no"" id=""1.1"" isNegative=""no"" isReference=""no"" isRegex=""no"" label=""Features"" nodeImplementation=""Input"" originalValue="""" reqd=""1"" type=""9"" value=""""><node deleted=""no"" id=""1.1.1"" isNegative=""no"" isReference=""no"" isRegex=""no"" label=""Unicode Script"" nodeImplementation=""Input"" originalValue=""COMMON"" reqd=""0"" type=""3"" value=""COMMON""/></node></node></node></node></treeModel>","<?xml version=""1.0"" encoding=""UTF-8""?><treeModel><node deleted=""no"" id="""" isNegative=""no"" isReference=""no"" isRegex=""no"" label=""Output"" nodeImplementation=""Output"" type=""4"" value=""Output""><node deleted=""no"" id=""New.1452023152100"" isNegative=""no"" isReference=""no"" isRegex=""no"" label=""1452023152099"" nodeImplementation=""Output"" qualifiedName=""com.northrup_grumman.space"" supertype=""uima.tcas.Annotation"" type=""6"" typeQualifier=""com.northrup_grumman."" value=""space""><node deleted=""no"" id="""" isNegative=""no"" isReference=""no"" isRegex=""no"" label=""Features"" nodeImplementation=""Output"" type=""9"" value=""""/><node deleted=""no"" id="""" isNegative=""no"" isReference=""no"" isRegex=""no"" label=""Subtree"" nodeImplementation=""Output"" type=""18"" typeQualifier=""com.northrup_grumman."" value=""""><node deleted=""no"" id=""1"" isNegative=""no"" isReference=""no"" isRegex=""no"" label="""" nodeImplementation=""Output"" qualifiedName=""com.northrup_grumman.Space_Separator"" supertype=""uima.tcas.Annotation"" type=""27"" value=""Space_Separator""><node deleted=""no"" id=""1.1"" isNegative=""no"" isReference=""no"" isRegex=""no"" label=""Features"" nodeImplementation=""Output"" type=""9"" value=""""><node deleted=""no"" id=""1.1.1"" isNegative=""no"" isReference=""no"" isRegex=""no"" label=""Unicode Script"" nodeImplementation=""Output"" type=""3"" value=""COMMON""/></node></node></node></node></node></treeModel>","# Character Rule ID: cr_7BA4C0AC433D678AA486E71A8499E5B7
$cr_7BA4C0AC433D678AA486E71A8499E5B7 = [:Space_Separator:]{*1,};
$cr_7BA4C0AC433D678AA486E71A8499E5B7  {anno:""com.northrup_grumman.space"",ruleId,""7BA4C0AC433D678AA486E71A8499E5B7""};
","<?xml version=""1.0"" encoding=""UTF-8""?><root><alltypes><type name=""com.northrup_grumman.space""><supertype name=""uima.tcas.Annotation""/><allfeatures><feature featuretype=""uima.cas.String"" name=""ruleId""/></allfeatures><allpriorities/></type></alltypes><allinputs/><allignoredtypes/><scope name=""Sentence""/><manuallyEdited>false</manuallyEdited><typemappings/></root>","",""
